"","State","School.Type","Year","Sum.Type.loan","Sum.Type.grant","Total.Disbursement"
"1","AK","Private","1011",5232550,877691.75,6110241.75
"2","AK","Private","1112",5050595,778783,5829378
"3","AK","Private","1213",4497423,696253.39,5193676.39
"4","AK","Private","1314",4172564,759311.5,4931875.5
"5","AK","Private","1415",3395531,747889.32,4143420.32
"6","AK","Private","1516",3004351,749581,3753932
"7","AK","Proprietary","1314",2956193,1632453.97,4588646.97
"8","AK","Proprietary","1415",2665432,1615459,4280891
"9","AK","Proprietary","1516",1121656,1161619,2283275
"10","AK","Proprietary","1011",33627627,15018191.59,48645818.59
"11","AK","Proprietary","1112",34420895,14542676.73,48963571.73
"12","AK","Proprietary","1213",27952228,13692383.45,41644611.45
"13","AK","Public","1314",69819900,25118442.02,94938342.02
"14","AK","Public","1415",61967120,24371923.7,86339043.7
"15","AK","Public","1516",53959404,20942253.47,74901657.47
"16","AK","Public","1011",76946704,25949939.4,102896643.4
"17","AK","Public","1112",79737052,26274504.27,106011556.27
"18","AK","Public","1213",75633641,25915927.18,101549568.18
"19","AL","Private","1011",264647605,75580659.31,340228264.31
"20","AL","Private","1112",277704898,52218309.27,329923207.27
"21","AL","Private","1213",260463987,50398665.77,310862652.77
"22","AL","Private","1314",239440189,49611746.81,289051935.81
"23","AL","Private","1415",250786808,50704219.22,301491027.22
"24","AL","Private","1516",247070868,46504180.66,293575048.66
"25","AL","Proprietary","1314",278947850,119474371.51,398422221.51
"26","AL","Proprietary","1415",272066784,116544214.49,388610998.49
"27","AL","Proprietary","1516",139192950,85688760.12,224881710.12
"28","AL","Proprietary","1011",257351346,120770333.54,378121679.54
"29","AL","Proprietary","1112",267695804,112915650.71,380611454.71
"30","AL","Proprietary","1213",277648482,118500750.58,396149232.58
"31","AL","Public","1314",1067976681,382524082.53,1450500763.53
"32","AL","Public","1415",1077112798,373703544.03,1450816342.03
"33","AL","Public","1516",973987624,332289417.61,1306277041.61
"34","AL","Public","1011",1043301102,488949099.52,1532250201.52
"35","AL","Public","1112",1078319038,432322241.58,1510641279.58
"36","AL","Public","1213",1054799161,393272945.46,1448072106.46
"37","AR","Private","1011",102162846,28328894.43,130491740.43
"38","AR","Private","1112",108491039,26700573.49,135191612.49
"39","AR","Private","1213",106604790,26012104.55,132616894.55
"40","AR","Private","1314",111361813,27193250.77,138555063.77
"41","AR","Private","1415",111081190,27194920.29,138276110.29
"42","AR","Private","1516",99649997,24981086.54,124631083.54
"43","AR","Proprietary","1314",14728326,10264500.23,24992826.23
"44","AR","Proprietary","1415",14347330,10035693.14,24383023.14
"45","AR","Proprietary","1516",7868455,7316344.6,15184799.6
"46","AR","Proprietary","1011",12466004,10474885.08,22940889.08
"47","AR","Proprietary","1112",14443477,9768181.06,24211658.06
"48","AR","Proprietary","1213",13802678,9477751.79,23280429.79
"49","AR","Public","1314",554457529,267508775.54,821966304.54
"50","AR","Public","1415",539713611,255997182.58,795710793.58
"51","AR","Public","1516",484319714,229288761.73,713608475.73
"52","AR","Public","1011",565132115,311242270,876374385
"53","AR","Public","1112",597332624,294010189.86,891342813.86
"54","AR","Public","1213",568986240,279555442.83,848541682.83
"55","AZ","Private","1011",48127669,3656709.67,51784378.67
"56","AZ","Private","1112",46893403,2958727.02,49852130.02
"57","AZ","Private","1213",44138880,3013059.4,47151939.4
"58","AZ","Private","1314",40337240,2641550.13,42978790.13
"59","AZ","Private","1415",32906614,2730721.99,35637335.99
"60","AZ","Private","1516",22615793,2553410.75,25169203.75
"61","AZ","Proprietary","1314",3425850594,1070139995.61,4495990589.61
"62","AZ","Proprietary","1415",2935723120,928403829.49,3864126949.49
"63","AZ","Proprietary","1516",1288422583,566464302.44,1854886885.44
"64","AZ","Proprietary","1011",4885580476,1727544966.53,6613125442.53
"65","AZ","Proprietary","1112",4348466855,1333301166.94,5681768021.94
"66","AZ","Proprietary","1213",3852199462,1198392747.54,5050592209.54
"67","AZ","Public","1314",1055652382,457938613.72,1513590995.72
"68","AZ","Public","1415",1079356297,453687595.42,1533043892.42
"69","AZ","Public","1516",1069042329,417084581.66,1486126910.66
"70","AZ","Public","1011",1043260795,501971639,1545232434
"71","AZ","Public","1112",1140260275,511726582.32,1651986857.32
"72","AZ","Public","1213",1078891066,474884456.41,1553775522.41
"73","CA","Private","1011",3564936282,247773001.32,3812709283.32
"74","CA","Private","1112",3701930442,244481190.12,3946411632.12
"75","CA","Private","1213",3665149120,251994389.67,3917143509.67
"76","CA","Private","1314",3705638312,261073214.38,3966711526.38
"77","CA","Private","1415",3598980148,261097766.91,3860077914.91
"78","CA","Private","1516",2863396401,231488344.71,3094884745.71
"79","CA","Proprietary","1314",2562643784,871342056.72,3433985840.72
"80","CA","Proprietary","1415",2166521884,779438795.41,2945960679.41
"81","CA","Proprietary","1516",1084282716,508267014.64,1592549730.64
"82","CA","Proprietary","1011",3655708795,954641377.55,4610350172.55
"83","CA","Proprietary","1112",3229338867,1086484155.54,4315823022.54
"84","CA","Proprietary","1213",2795901605,949727327.95,3745628932.95
"85","CA","Public","1314",2943190930,2902660253.07,5845851183.07
"86","CA","Public","1415",2837870830,3004900797.5,5842771627.5
"87","CA","Public","1516",2596287905,2620015794.53,5216303699.53
"88","CA","Public","1011",2918985000,2791128002.68,5710113002.68
"89","CA","Public","1112",3164470279,2760967704.31,5925437983.31
"90","CA","Public","1213",2976996591,2751822546.98,5728819137.98
"91","CO","Private","1011",291750471,19820545.36,311571016.36
"92","CO","Private","1112",295600720,19553150.22,315153870.22
"93","CO","Private","1213",287982320,20504132.02,308486452.02
"94","CO","Private","1314",296368202,28990432.32,325358634.32
"95","CO","Private","1415",286896637,26442418.81,313339055.81
"96","CO","Private","1516",213347795,21161053.95,234508848.95
"97","CO","Proprietary","1314",546501280,140289467.63,686790747.63
"98","CO","Proprietary","1415",498474250,137668623.16,636142873.16
"99","CO","Proprietary","1516",269135246,98581793.27,367717039.27
"100","CO","Proprietary","1011",769477092,238107454.57,1007584546.57
"101","CO","Proprietary","1112",678273547,173914535.12,852188082.12
"102","CO","Proprietary","1213",602159975,155011503.4,757171478.4
"103","CO","Public","1314",1074520202,304324288.51,1378844490.51
"104","CO","Public","1415",1057549404,290473612.8,1348023016.8
"105","CO","Public","1516",939618197,253126876.87,1192745073.87
"106","CO","Public","1011",1074111264,332714956.46,1406826220.46
"107","CO","Public","1112",1153659028,323706112.42,1477365140.42
"108","CO","Public","1213",1120449650,316387567.95,1436837217.95
"109","CT","Private","1011",455370654,50466123.24,505836777.24
"110","CT","Private","1112",480693816,46897686.26,527591502.26
"111","CT","Private","1213",478755895,47275668.85,526031563.85
"112","CT","Private","1314",499707529,49174760.65,548882289.65
"113","CT","Private","1415",517523986,51375209.2,568899195.2
"114","CT","Private","1516",464199543,48226792.96,512426335.96
"115","CT","Proprietary","1314",205430852,81203623.63,286634475.63
"116","CT","Proprietary","1415",190311056,78404059.65,268715115.65
"117","CT","Proprietary","1516",93456277,54618020.2,148074297.2
"118","CT","Proprietary","1011",201336620,86356948.64,287693568.64
"119","CT","Proprietary","1112",204339526,77679176.62,282018702.62
"120","CT","Proprietary","1213",204209409,78558034.45,282767443.45
"121","CT","Public","1314",359248868,145912294.83,505161162.83
"122","CT","Public","1415",370729667,148927692.89,519657359.89
"123","CT","Public","1516",364611654,139595826.95,504207480.95
"124","CT","Public","1011",357145095,136895612.15,494040707.15
"125","CT","Public","1112",370920681,137257936.67,508178617.67
"126","CT","Public","1213",361139116,140602674.03,501741790.03
"127","DC","Private","1011",914552220,40744565.4,955296785.4
"128","DC","Private","1112",948530230,39281805.03,987812035.03
"129","DC","Private","1213",915202179,38812195.84,954014374.84
"130","DC","Private","1314",921132999,41375696.11,962508695.11
"131","DC","Private","1415",921489937,41915922.9,963405859.9
"132","DC","Private","1516",846324655,38573074.28,884897729.28
"133","DC","Proprietary","1314",520813187,81325936.1,602139123.1
"134","DC","Proprietary","1415",510644725,84563025.43,595207750.43
"135","DC","Proprietary","1516",273749651,66848701.1,340598352.1
"136","DC","Proprietary","1011",684547866,116657807,801205673
"137","DC","Proprietary","1112",475834482,92063733.98,567898215.98
"138","DC","Proprietary","1213",593568681,94682102.59,688250783.59
"139","DC","Public","1314",29999238,9968667.09,39967905.09
"140","DC","Public","1415",27174257,9448189.76,36622446.76
"141","DC","Public","1516",22486463,7543860,30030323
"142","DC","Public","1011",21962975,10127580,32090555
"143","DC","Public","1112",27698685,9202644,36901329
"144","DC","Public","1213",29587690,9790191,39377881
"145","DE","Private","1011",90141158,16985379.74,107126537.74
"146","DE","Private","1112",92240013,16765039.01,109005052.01
"147","DE","Private","1213",96321067,16891634.37,113212701.37
"148","DE","Private","1314",99271127,17814522,117085649
"149","DE","Private","1415",100512590,17987943.4,118500533.4
"150","DE","Private","1516",77318552,16266700,93585252
"151","DE","Proprietary","1314",8564963,5126744.68,13691707.68
"152","DE","Proprietary","1415",7508213,4753133.9,12261346.9
"153","DE","Proprietary","1516",3623605,2787252.34,6410857.34
"154","DE","Proprietary","1011",10382296,6871355.82,17253651.82
"155","DE","Proprietary","1112",11125523,6466967.69,17592490.69
"156","DE","Proprietary","1213",8880708,5348947.19,14229655.19
"157","DE","Public","1314",146619366,40902115.05,187521481.05
"158","DE","Public","1415",150067459,41872427.03,191939886.03
"159","DE","Public","1516",146831740,38841063.77,185672803.77
"160","DE","Public","1011",136429985,39508858.17,175938843.17
"161","DE","Public","1112",147411350,40274640.67,187685990.67
"162","DE","Public","1213",143177443,39741444.95,182918887.95
"163","FL","Private","1011",1896961726,294329683.87,2191291409.87
"164","FL","Private","1112",1954044608,258033668.38,2212078276.38
"165","FL","Private","1213",1897072141,251919172.78,2148991313.78
"166","FL","Private","1314",2338249113,490486487.04,2828735600.04
"167","FL","Private","1415",2151872594,434123208.64,2585995802.64
"168","FL","Private","1516",1529096690,342384466.09,1871481156.09
"169","FL","Proprietary","1314",800774526,283983343.28,1084757869.28
"170","FL","Proprietary","1415",718855709,265647115.56,984502824.56
"171","FL","Proprietary","1516",389512902,195937298.68,585450200.68
"172","FL","Proprietary","1011",1569245784,610922967.04,2180168751.04
"173","FL","Proprietary","1112",1534533756,573976327.7,2108510083.7
"174","FL","Proprietary","1213",1376452469,559330868.93,1935783337.93
"175","FL","Public","1314",2243612619,1355667528.55,3599280147.55
"176","FL","Public","1415",2149211155,1329538902.2,3478750057.2
"177","FL","Public","1516",1768389042,1113341905.94,2881730947.94
"178","FL","Public","1011",2053343904,1477141360.69,3530485264.69
"179","FL","Public","1112",2271951117,1411577890.3,3683529007.3
"180","FL","Public","1213",2295965841,1348921332.22,3644887173.22
"181","GA","Private","1011",791427868,108016745.47,899444613.47
"182","GA","Private","1112",808400035,101094242.84,909494277.84
"183","GA","Private","1213",786256995,96299745.41,882556740.41
"184","GA","Private","1314",797214238,94458822.52,891673060.52
"185","GA","Private","1415",810410891,91226188.41,901637079.41
"186","GA","Private","1516",688871314,81590876.98,770462190.98
"187","GA","Proprietary","1314",448197834,138290174.66,586488008.66
"188","GA","Proprietary","1415",431407459,121147783.62,552555242.62
"189","GA","Proprietary","1516",219882255,80656130.02,300538385.02
"190","GA","Proprietary","1011",590041992,235027184.13,825069176.13
"191","GA","Proprietary","1112",483397544,173400961.44,656798505.44
"192","GA","Proprietary","1213",444960658,141046629.74,586007287.74
"193","GA","Public","1314",1679579591,749001999.74,2428581590.74
"194","GA","Public","1415",1677572106,731028734.41,2408600840.41
"195","GA","Public","1516",1474786926,640146213.24,2114933139.24
"196","GA","Public","1011",1420052924,844443391.38,2264496315.38
"197","GA","Public","1112",1670062138,822436766.81,2492498904.81
"198","GA","Public","1213",1678278048,761317952.89,2439596000.89
"199","HI","Private","1011",57572946,14688615.31,72261561.31
"200","HI","Private","1112",59339002,13910936.09,73249938.09
"201","HI","Private","1213",52992412,13253950.89,66246362.89
"202","HI","Private","1314",49504465,12331592.84,61836057.84
"203","HI","Private","1415",45105456,11834165.56,56939621.56
"204","HI","Private","1516",41206244,11270392.11,52476636.11
"205","HI","Proprietary","1314",4813222,3073595.28,7886817.28
"206","HI","Proprietary","1415",5094805,2742725.94,7837530.94
"207","HI","Proprietary","1516",2647816,2258606.52,4906422.52
"208","HI","Proprietary","1011",2931969,2361146.45,5293115.45
"209","HI","Proprietary","1112",4721141,2640170.61,7361311.61
"210","HI","Proprietary","1213",4580286,2672408.91,7252694.91
"211","HI","Public","1314",151612212,67280082.96,218892294.96
"212","HI","Public","1415",157463740,66223573.02,223687313.02
"213","HI","Public","1516",149722100,60716498.54,210438598.54
"214","HI","Public","1011",138012372,62637416.93,200649788.93
"215","HI","Public","1112",148921847,65664482.34,214586329.34
"216","HI","Public","1213",151576672,67912583.98,219489255.98
"217","IA","Private","1011",526782158,78442078.26,605224236.26
"218","IA","Private","1112",504385016,66845544.39,571230560.39
"219","IA","Private","1213",520015477,66238571.42,586254048.42
"220","IA","Private","1314",485831534,65434728.41,551266262.41
"221","IA","Private","1415",500655197,63831947.29,564487144.29
"222","IA","Private","1516",435956014,57153883.88,493109897.88
"223","IA","Proprietary","1314",704774154,163435216.29,868209370.29
"224","IA","Proprietary","1415",643422866,156082050.66,799504916.66
"225","IA","Proprietary","1516",308332799,106286018.11,414618817.11
"226","IA","Proprietary","1011",810702264,572758670.61,1383460934.61
"227","IA","Proprietary","1112",609628302,178053826.72,787682128.72
"228","IA","Proprietary","1213",669638834,163741112.47,833379946.47
"229","IA","Public","1314",639228920,185738726.64,824967646.64
"230","IA","Public","1415",610750679,179394937.97,790145616.97
"231","IA","Public","1516",544250858,156355924.43,700606782.43
"232","IA","Public","1011",737605208,237938229.61,975543437.61
"233","IA","Public","1112",727739211,215079883.96,942819094.96
"234","IA","Public","1213",672134116,199367966.66,871502082.66
"235","ID","Private","1011",61911467,57671341.81,119582808.81
"236","ID","Private","1112",67781786,51285539.11,119067325.11
"237","ID","Private","1213",64824809,56036175.77,120860984.77
"238","ID","Private","1314",67261663,57460154.14,124721817.14
"239","ID","Private","1415",71643264,63676047.45,135319311.45
"240","ID","Private","1516",55217376,51573344.61,106790720.61
"241","ID","Proprietary","1314",20789962,10180305.3,30970267.3
"242","ID","Proprietary","1415",19908465,9718495.86,29626960.86
"243","ID","Proprietary","1516",10123319,7254433.42,17377752.42
"244","ID","Proprietary","1011",24865052,13874947.98,38739999.98
"245","ID","Proprietary","1112",19998130,8754544.9,28752674.9
"246","ID","Proprietary","1213",22039135,10275781.28,32314916.28
"247","ID","Public","1314",277456051,115199692.84,392655743.84
"248","ID","Public","1415",257096961,104720133.32,361817094.32
"249","ID","Public","1516",224363757,90687224.38,315050981.38
"250","ID","Public","1011",316633868,133886182.52,450520050.52
"251","ID","Public","1112",333298993,131814011.88,465113004.88
"252","ID","Public","1213",315448094,128001863.82,443449957.82
"253","IL","Private","1011",2357355801,230856928.03,2588212729.03
"254","IL","Private","1112",2372931381,207351729.34,2580283110.34
"255","IL","Private","1213",2262729678,201086388.1,2463816066.1
"256","IL","Private","1314",2266541448,210755259.62,2477296707.62
"257","IL","Private","1415",2235250328,206547503.75,2441797831.75
"258","IL","Private","1516",1693668233,190827270.49,1884495503.49
"259","IL","Proprietary","1314",1358807941,318709583.47,1677517524.47
"260","IL","Proprietary","1415",1199725263,293685932.79,1493411195.79
"261","IL","Proprietary","1516",660695064,216053507,876748571
"262","IL","Proprietary","1011",2211524332,549072976.49,2760597308.49
"263","IL","Proprietary","1112",1957974929,411959092.62,2369934021.62
"264","IL","Proprietary","1213",1529299277,351825409.51,1881124686.51
"265","IL","Public","1314",1387255666,660201838.21,2047457504.21
"266","IL","Public","1415",1335631441,634490075.53,1970121516.53
"267","IL","Public","1516",1206328464,552983475.6,1759311939.6
"268","IL","Public","1011",1378188639,729744610.76,2107933249.76
"269","IL","Public","1112",1466196192,706815730.36,2173011922.36
"270","IL","Public","1213",1426046214,673057135.31,2099103349.31
"271","IN","Private","1011",605824695,108199190.83,714023885.83
"272","IN","Private","1112",623065930,100401851.56,723467781.56
"273","IN","Private","1213",610537413,97092340.99,707629753.99
"274","IN","Private","1314",621928945,97223529.55,719152474.55
"275","IN","Private","1415",640260486,100963876.74,741224362.74
"276","IN","Private","1516",538875665,90470314.43,629345979.43
"277","IN","Proprietary","1314",744425673,310073234.51,1054498907.51
"278","IN","Proprietary","1415",648621407,285692689.77,934314096.77
"279","IN","Proprietary","1516",278897278,194127567.43,473024845.43
"280","IN","Proprietary","1011",883209940,492120969.89,1375330909.89
"281","IN","Proprietary","1112",863685277,341985181.21,1205670458.21
"282","IN","Proprietary","1213",741230019,313481793.17,1054711812.17
"283","IN","Public","1314",1204242181,430206234.92,1634448415.92
"284","IN","Public","1415",1137098961,400260561.68,1537359522.68
"285","IN","Public","1516",999519216,340246788,1339766004
"286","IN","Public","1011",1581027882,523908035.43,2104935917.43
"287","IN","Public","1112",1510395251,492633866.99,2003029117.99
"288","IN","Public","1213",1386675644,457827924.18,1844503568.18
"289","KS","Private","1011",227188203,46893580.17,274081783.17
"290","KS","Private","1112",235856168,47393449.58,283249617.58
"291","KS","Private","1213",220808502,46442916.28,267251418.28
"292","KS","Private","1314",210464868,45478064.4,255942932.4
"293","KS","Private","1415",207147568,42353172.53,249500740.53
"294","KS","Private","1516",154994130,37327617.9,192321747.9
"295","KS","Proprietary","1314",111187070,44447282.38,155634352.38
"296","KS","Proprietary","1415",96692021,42802622.24,139494643.24
"297","KS","Proprietary","1516",46689107,31086047.74,77775154.74
"298","KS","Proprietary","1011",40789948,22422741.64,63212689.64
"299","KS","Proprietary","1112",38503086,17738386.71,56241472.71
"300","KS","Proprietary","1213",76337472,32661635.94,108999107.94
"301","KS","Public","1314",631213043,202788965.25,834002008.25
"302","KS","Public","1415",629729988,198097125.87,827827113.87
"303","KS","Public","1516",558918578,174371523.45,733290101.45
"304","KS","Public","1011",644203146,216029691.56,860232837.56
"305","KS","Public","1112",664559414,214006611.25,878566025.25
"306","KS","Public","1213",623518112,209703718.28,833221830.28
"307","KY","Private","1011",242379382,62486545.7,304865927.7
"308","KY","Private","1112",262639532,59274559.4,321914091.4
"309","KY","Private","1213",258126999,58591685.82,316718684.82
"310","KY","Private","1314",252336591,52684318.13,305020909.13
"311","KY","Private","1415",257757602,53501069.34,311258671.34
"312","KY","Private","1516",209564781,49779303.45,259344084.45
"313","KY","Proprietary","1314",140467591,45655668.75,186123259.75
"314","KY","Proprietary","1415",125735859,40203495.19,165939354.19
"315","KY","Proprietary","1516",56361900,26062949.89,82424849.89
"316","KY","Proprietary","1011",186450185,78745553.37,265195738.37
"317","KY","Proprietary","1112",169436360,53848602.37,223284962.37
"318","KY","Proprietary","1213",156604029,47967759.66,204571788.66
"319","KY","Public","1314",902776904,326505849.96,1229282753.96
"320","KY","Public","1415",861509210,317327142.07,1178836352.07
"321","KY","Public","1516",777457597,276756382.37,1054213979.37
"322","KY","Public","1011",890493134,370714278.67,1261207412.67
"323","KY","Public","1112",946045456,350690638.41,1296736094.41
"324","KY","Public","1213",931577382,336564073.65,1268141455.65
"325","LA","Private","1011",260494149,32755715.16,293249864.16
"326","LA","Private","1112",266945910,30743712.64,297689622.64
"327","LA","Private","1213",266028101,28987519.24,295015620.24
"328","LA","Private","1314",265619894,27664660.08,293284554.08
"329","LA","Private","1415",248954864,27004256.17,275959120.17
"330","LA","Private","1516",217321622,25639977.39,242961599.39
"331","LA","Proprietary","1314",93564925,53444622.38,147009547.38
"332","LA","Proprietary","1415",94380459,55473054.04,149853513.04
"333","LA","Proprietary","1516",51482439,42289407.31,93771846.31
"334","LA","Proprietary","1011",104949693,63518717.08,168468410.08
"335","LA","Proprietary","1112",105052344,55610225.8,160662569.8
"336","LA","Proprietary","1213",100062309,52313505.64,152375814.64
"337","LA","Public","1314",773214414,329841569.34,1103055983.34
"338","LA","Public","1415",790859159,330375858.74,1121235017.74
"339","LA","Public","1516",708998381,304867009.27,1013865390.27
"340","LA","Public","1011",700048869,369642095.16,1069690964.16
"341","LA","Public","1112",769193932,350317816.76,1119511748.76
"342","LA","Public","1213",768087824,331268671.79,1099356495.79
"343","MA","Private","1011",2109502560,175706730.11,2285209290.11
"344","MA","Private","1112",2129758637,157641176.89,2287399813.89
"345","MA","Private","1213",2024473770,160451089.91,2184924859.91
"346","MA","Private","1314",2027012837,163524692.96,2190537529.96
"347","MA","Private","1415",2035466992,163627950.2,2199094942.2
"348","MA","Private","1516",1728161693,155119503.52,1883281196.52
"349","MA","Proprietary","1314",76236159,32677218.26,108913377.26
"350","MA","Proprietary","1415",65345468,28037623.25,93383091.25
"351","MA","Proprietary","1516",33333512,18979375.03,52312887.03
"352","MA","Proprietary","1011",114582978,44529978.32,159112956.32
"353","MA","Proprietary","1112",102503966,40503007.06,143006973.06
"354","MA","Proprietary","1213",81346146,34152194.26,115498340.26
"355","MA","Public","1314",683282090,309211832.18,992493922.18
"356","MA","Public","1415",679247587,309276036.17,988523623.17
"357","MA","Public","1516",645072349,278921429.29,923993778.29
"358","MA","Public","1011",629384719,287152927.07,916537646.07
"359","MA","Public","1112",667045628,291001567.71,958047195.71
"360","MA","Public","1213",675665916,299734576.08,975400492.08
"361","MD","Private","1011",341605109,36616268.55,378221377.55
"362","MD","Private","1112",358941636,33963221.05,392904857.05
"363","MD","Private","1213",343178509,31644062.01,374822571.01
"364","MD","Private","1314",346388456,31483032.29,377871488.29
"365","MD","Private","1415",350839470,28627354.46,379466824.46
"366","MD","Private","1516",302914237,25019740.94,327933977.94
"367","MD","Proprietary","1314",80276894,43434017.95,123710911.95
"368","MD","Proprietary","1415",74070210,38861290.11,112931500.11
"369","MD","Proprietary","1516",37366033,26878361.63,64244394.63
"370","MD","Proprietary","1011",120205159,66742907.8,186948066.8
"371","MD","Proprietary","1112",110270419,59586309.63,169856728.63
"372","MD","Proprietary","1213",86737730,48332737.1,135070467.1
"373","MD","Public","1314",1031063179,331101526.61,1362164705.61
"374","MD","Public","1415",1033268850,335832085.37,1369100935.37
"375","MD","Public","1516",957833623,299614648.7,1257448271.7
"376","MD","Public","1011",1057673428,335760778.91,1393434206.91
"377","MD","Public","1112",1100873003,340353235.6,1441226238.6
"378","MD","Public","1213",1043124709,333823296.08,1376948005.08
"379","ME","Private","1011",153237429,18407422.63,171644851.63
"380","ME","Private","1112",168732598,16689554.83,185422152.83
"381","ME","Private","1213",170961808,16424967.86,187386775.86
"382","ME","Private","1314",197353539,17131244.6,214484783.6
"383","ME","Private","1415",204625559,16553267.6,221178826.6
"384","ME","Private","1516",171419653,15547613.64,186967266.64
"385","ME","Proprietary","1314",23463005,13096837.42,36559842.42
"386","ME","Proprietary","1415",19544971,11198337.31,30743308.31
"387","ME","Proprietary","1516",9337119,7129078.24,16466197.24
"388","ME","Proprietary","1011",19274837,8524216.21,27799053.21
"389","ME","Proprietary","1112",14995106,13990368.05,28985474.05
"390","ME","Proprietary","1213",14228016,13545253.78,27773269.78
"391","ME","Public","1314",204143288,79106989.35,283250277.35
"392","ME","Public","1415",186857737,76589486.62,263447223.62
"393","ME","Public","1516",162333598,70764263.39,233097861.39
"394","ME","Public","1011",198831089,82102892,280933981
"395","ME","Public","1112",204417074,79091523,283508597
"396","ME","Public","1213",203575886,80030660,283606546
"397","MI","Private","1011",1019571116,224623143.05,1244194259.05
"398","MI","Private","1112",978276319,199045064.2,1177321383.2
"399","MI","Private","1213",910118097,182569402.82,1092687499.82
"400","MI","Private","1314",885823413,181333909.46,1067157322.46
"401","MI","Private","1415",777378251,162787596.92,940165847.92
"402","MI","Private","1516",561344063,108703897.78,670047960.78
"403","MI","Proprietary","1314",120625899,65199249.37,185825148.37
"404","MI","Proprietary","1415",110655780,61914485.23,172570265.23
"405","MI","Proprietary","1516",53413797,42777095.75,96190892.75
"406","MI","Proprietary","1011",161359307,95706322.66,257065629.66
"407","MI","Proprietary","1112",143471951,84804890.93,228276841.93
"408","MI","Proprietary","1213",137651835,81508225.76,219160060.76
"409","MI","Public","1314",2289968326,715821808.18,3005790134.18
"410","MI","Public","1415",2180767736,672006748.58,2852774484.58
"411","MI","Public","1516",1900964512,573676423.88,2474640935.88
"412","MI","Public","1011",2585058243,888056934.28,3473115177.28
"413","MI","Public","1112",2447379848,809752390.89,3257132238.89
"414","MI","Public","1213",2237244704,755999670.74,2993244374.74
"415","MN","Private","1011",546193996,70029850.3,616223846.3
"416","MN","Private","1112",543238280,61212430.55,604450710.55
"417","MN","Private","1213",530318313,61765788.28,592084101.28
"418","MN","Private","1314",518942086,61098445.77,580040531.77
"419","MN","Private","1415",508846169,58921313.83,567767482.83
"420","MN","Private","1516",418870386,54356447.62,473226833.62
"421","MN","Proprietary","1314",1593225065,140837824.71,1734062889.71
"422","MN","Proprietary","1415",1571359408,130179721.9,1701539129.9
"423","MN","Proprietary","1516",914688871,92376135.01,1007065006.01
"424","MN","Proprietary","1011",1760135859,193548514.39,1953684373.39
"425","MN","Proprietary","1112",1643869165,161364471.28,1805233636.28
"426","MN","Proprietary","1213",1609839129,149150666.68,1758989795.68
"427","MN","Public","1314",1104306991,328374742.15,1432681733.15
"428","MN","Public","1415",1015002897,310134593.76,1325137490.76
"429","MN","Public","1516",902772839,272719729.95,1175492568.95
"430","MN","Public","1011",1168697628,368348039.21,1537045667.21
"431","MN","Public","1112",1199219710,344159759.2,1543379469.2
"432","MN","Public","1213",1154624805,344278704.31,1498903509.31
"433","MO","Private","1011",1208123921,156006728.97,1364130649.97
"434","MO","Private","1112",1205266705,154380909.44,1359647614.44
"435","MO","Private","1213",1166889529,153774428.27,1320663957.27
"436","MO","Private","1314",1128351018,154109662.04,1282460680.04
"437","MO","Private","1415",1070551263,148612272.41,1219163535.41
"438","MO","Private","1516",943772616,129949589.36,1073722205.36
"439","MO","Proprietary","1314",146223422,67354265.5,213577687.5
"440","MO","Proprietary","1415",119720615,59635217.14,179355832.14
"441","MO","Proprietary","1516",66143297,44105516.88,110248813.88
"442","MO","Proprietary","1011",224719662,120355874.47,345075536.47
"443","MO","Proprietary","1112",190427478,86702144.58,277129622.58
"444","MO","Proprietary","1213",166570072,78092188.74,244662260.74
"445","MO","Public","1314",891003637,353282538.04,1244286175.04
"446","MO","Public","1415",851099706,336907089.27,1188006795.27
"447","MO","Public","1516",767146840,296138381.98,1063285221.98
"448","MO","Public","1011",908541981,395840993.89,1304382974.89
"449","MO","Public","1112",961846101,384893915.04,1346740016.04
"450","MO","Public","1213",918588301,366218683.18,1284806984.18
"451","MS","Private","1011",141682604,30945012.47,172627616.47
"452","MS","Private","1112",142891500,28565136.87,171456636.87
"453","MS","Private","1213",155764620,26829980.71,182594600.71
"454","MS","Private","1314",166751084,26358622.89,193109706.89
"455","MS","Private","1415",166231751,27097166.33,193328917.33
"456","MS","Private","1516",135365026,25081345.59,160446371.59
"457","MS","Proprietary","1314",3803575,5677795.16,9481370.16
"458","MS","Proprietary","1415",4018315,4985285.93,9003600.93
"459","MS","Proprietary","1516",1871409,3172886.54,5044295.54
"460","MS","Proprietary","1011",4796063,8279145.38,13075208.38
"461","MS","Proprietary","1112",5367250,6059596.88,11426846.88
"462","MS","Proprietary","1213",5602015,5921865.89,11523880.89
"463","MS","Public","1314",577339410,327904533.43,905243943.43
"464","MS","Public","1415",572130900,320471752.69,892602652.69
"465","MS","Public","1516",512132982,292707244.89,804840226.89
"466","MS","Public","1011",595357324,423360814.22,1018718138.22
"467","MS","Public","1112",622536923,381041704.23,1003578627.23
"468","MS","Public","1213",585537499,339194810.89,924732309.89
"469","MT","Private","1011",22740440,7070741.75,29811181.75
"470","MT","Private","1112",24152177,6355336.16,30507513.16
"471","MT","Private","1213",24605854,6093024.24,30698878.24
"472","MT","Private","1314",24078398,6035833.58,30114231.58
"473","MT","Private","1415",23571713,5799086.54,29370799.54
"474","MT","Private","1516",21104679,5242195.98,26346874.98
"475","MT","Proprietary","1314",2905018,2055233,4960251
"476","MT","Proprietary","1415",3023836,1962113,4985949
"477","MT","Proprietary","1516",1642831,1317323,2960154
"478","MT","Proprietary","1011",2615798,1978432.7,4594230.7
"479","MT","Proprietary","1112",2937547,1885114.92,4822661.92
"480","MT","Proprietary","1213",2839188,2001645,4840833
"481","MT","Public","1314",209806950,69153009.6,278959959.6
"482","MT","Public","1415",193959540,63741409.76,257700949.76
"483","MT","Public","1516",176438976,56924142.81,233363118.81
"484","MT","Public","1011",224581080,83225508.37,307806588.37
"485","MT","Public","1112",228617881,78691113.25,307308994.25
"486","MT","Public","1213",220402197,73444166.26,293846363.26
"487","NC","Private","1011",711669976,128998085.43,840668061.43
"488","NC","Private","1112",746555463,121770231.02,868325694.02
"489","NC","Private","1213",693387745,116477343.14,809865088.14
"490","NC","Private","1314",746414672,117017835.84,863432507.84
"491","NC","Private","1415",777503173,117934435.71,895437608.71
"492","NC","Private","1516",699463250,111417793.42,810881043.42
"493","NC","Proprietary","1314",116789473,20131062.2,136920535.2
"494","NC","Proprietary","1415",111567933,20724670.83,132292603.83
"495","NC","Proprietary","1516",65758964,16112845.95,81871809.95
"496","NC","Proprietary","1011",116377695,21677422.05,138055117.05
"497","NC","Proprietary","1112",126035706,17230669.65,143266375.65
"498","NC","Proprietary","1213",116386603,18243278.84,134629881.84
"499","NC","Public","1314",1450135075,778531327.9,2228666402.9
"500","NC","Public","1415",1432289059,752448228.29,2184737287.29
"501","NC","Public","1516",1301822645,660340999.47,1962163644.47
"502","NC","Public","1011",1198509378,862084342.91,2060593720.91
"503","NC","Public","1112",1383974958,807215277.04,2191190235.04
"504","NC","Public","1213",1463246769,791707478.5,2254954247.5
"505","ND","Private","1011",30118339,10408490.22,40526829.22
"506","ND","Private","1112",29758066,8743909.74,38501975.74
"507","ND","Private","1213",27699194,7334638.5,35033832.5
"508","ND","Private","1314",26921010,7180320.16,34101330.16
"509","ND","Private","1415",26006882,6607412.19,32614294.19
"510","ND","Private","1516",23862301,6023520.43,29885821.43
"511","ND","Proprietary","1314",2868622,1280411.78,4149033.78
"512","ND","Proprietary","1415",2720111,1223391.27,3943502.27
"513","ND","Proprietary","1516",1470098,814562.97,2284660.97
"514","ND","Proprietary","1011",3586698,1885728.43,5472426.43
"515","ND","Proprietary","1112",3146879,1315157.24,4462036.24
"516","ND","Proprietary","1213",2880106,1188482.84,4068588.84
"517","ND","Public","1314",174380119,37450978.7,211831097.7
"518","ND","Public","1415",167065453,35869270.63,202934723.63
"519","ND","Public","1516",157048646,33155960.27,190204606.27
"520","ND","Public","1011",185936461,48639837.14,234576298.14
"521","ND","Public","1112",189190927,42723459.87,231914386.87
"522","ND","Public","1213",178533941,39672956.59,218206897.59
"523","NE","Private","1011",299183001,31813758.54,330996759.54
"524","NE","Private","1112",311304042,29809151.08,341113193.08
"525","NE","Private","1213",307023716,29331725.59,336355441.59
"526","NE","Private","1314",306519355,29136036.64,335655391.64
"527","NE","Private","1415",335256716,28825114.29,364081830.29
"528","NE","Private","1516",215435682,26309247.16,241744929.16
"529","NE","Proprietary","1314",12022683,6957059.08,18979742.08
"530","NE","Proprietary","1415",9469954,4065252.51,13535206.51
"531","NE","Proprietary","1516",5286495,2828298.76,8114793.76
"532","NE","Proprietary","1011",20082155,8749655.57,28831810.57
"533","NE","Proprietary","1112",19877445,7178050.58,27055495.58
"534","NE","Proprietary","1213",21159650,8106863.61,29266513.61
"535","NE","Public","1314",326288087,107735870.95,434023957.95
"536","NE","Public","1415",316675218,107326313.71,424001531.71
"537","NE","Public","1516",287753795,88941606.72,376695401.72
"538","NE","Public","1011",337500479,126993163.18,464493642.18
"539","NE","Public","1112",345275590,119727808.48,465003398.48
"540","NE","Public","1213",334786917,112297023.52,447083940.52
"541","NH","Private","1011",214310236,19911788,234222024
"542","NH","Private","1112",280662774,21756963.85,302419737.85
"543","NH","Private","1213",343624192,30498472.19,374122664.19
"544","NH","Private","1314",475001718,45624814.3,520626532.3
"545","NH","Private","1415",318412385,70072421.09,388484806.09
"546","NH","Private","1516",481923844,62759237.26,544683081.26
"547","NH","Proprietary","1314",22116097,8599179.69,30715276.69
"548","NH","Proprietary","1415",18168943,6359004.54,24527947.54
"549","NH","Proprietary","1516",7609841,3017333.57,10627174.57
"550","NH","Proprietary","1011",33502971,15139450.21,48642421.21
"551","NH","Proprietary","1112",28783472,11580071.88,40363543.88
"552","NH","Proprietary","1213",26890469,10398891.69,37289360.69
"553","NH","Public","1314",250866517,46113736.65,296980253.65
"554","NH","Public","1415",240514620,45592192.99,286106812.99
"555","NH","Public","1516",214771096,42751792.46,257522888.46
"556","NH","Public","1011",238405421,45693491.22,284098912.22
"557","NH","Public","1112",253870770,43275408.53,297146178.53
"558","NH","Public","1213",248187090,44901579.05,293088669.05
"559","NJ","Private","1011",391476912,82599301.6,474076213.6
"560","NJ","Private","1112",410162107,74737692.01,484899799.01
"561","NJ","Private","1213",394773639,75765073.63,470538712.63
"562","NJ","Private","1314",392396091,77383032.6,469779123.6
"563","NJ","Private","1415",393152545,79400421.87,472552966.87
"564","NJ","Private","1516",377594604,71815682.34,449410286.34
"565","NJ","Proprietary","1314",193531353,96465229.19,289996582.19
"566","NJ","Proprietary","1415",175513036,89373893.27,264886929.27
"567","NJ","Proprietary","1516",97124333,61305288.63,158429621.63
"568","NJ","Proprietary","1011",238616393,121143004.51,359759397.51
"569","NJ","Proprietary","1112",230264488,111213712.83,341478200.83
"570","NJ","Proprietary","1213",208188730,99022198.06,307210928.06
"571","NJ","Public","1314",1117725136,486595912.91,1604321048.91
"572","NJ","Public","1415",1121826285,491962230.06,1613788515.06
"573","NJ","Public","1516",1059367205,457946716.07,1517313921.07
"574","NJ","Public","1011",1009160722,477582026.48,1486742748.48
"575","NJ","Public","1112",1116858570,482469337.17,1599327907.17
"576","NJ","Public","1213",1081791556,475748665.53,1557540221.53
"577","NM","Private","1011",10546981,1773098.12,12320079.12
"578","NM","Private","1112",12936823,1594600,14531423
"579","NM","Private","1213",14496880,1545913,16042793
"580","NM","Private","1314",17108640,1477446.87,18586086.87
"581","NM","Private","1415",16367097,1448751,17815848
"582","NM","Private","1516",9957236,1391846,11349082
"583","NM","Proprietary","1314",22199362,7796351.74,29995713.74
"584","NM","Proprietary","1415",21506526,8313661.08,29820187.08
"585","NM","Proprietary","1516",15338820,6662383.18,22001203.18
"586","NM","Proprietary","1011",19952885,7945676.83,27898561.83
"587","NM","Proprietary","1112",23541487,7986240.86,31527727.86
"588","NM","Proprietary","1213",23155590,7820197.17,30975787.17
"589","NM","Public","1314",285183921,203709794.01,488893715.01
"590","NM","Public","1415",255592483,186937135.69,442529618.69
"591","NM","Public","1516",221642298,161574861.55,383217159.55
"592","NM","Public","1011",336201945,233892908.92,570094853.92
"593","NM","Public","1112",349855366,223991915.65,573847281.65
"594","NM","Public","1213",330346168,213776192.87,544122360.87
"595","NV","Private","1011",50434888,2342680.25,52777568.25
"596","NV","Private","1112",52394347,2152990.88,54547337.88
"597","NV","Private","1213",67186746,2182351.3,69369097.3
"598","NV","Private","1314",91297089,5130549.64,96427638.64
"599","NV","Private","1415",96059929,4617687.08,100677616.08
"600","NV","Private","1516",73344617,3064806.45,76409423.45
"601","NV","Proprietary","1314",27667691,14360973.1,42028664.1
"602","NV","Proprietary","1415",25807299,14625113,40432412
"603","NV","Proprietary","1516",11327832,9403809.63,20731641.63
"604","NV","Proprietary","1011",59758697,20014145.04,79772842.04
"605","NV","Proprietary","1112",34181707,16116742.33,50298449.33
"606","NV","Proprietary","1213",33793239,15929618.95,49722857.95
"607","NV","Public","1314",276198989,121083985.47,397282974.47
"608","NV","Public","1415",286576096,129007255.27,415583351.27
"609","NV","Public","1516",244617251,118369968.76,362987219.76
"610","NV","Public","1011",244725964,117424316.63,362150280.63
"611","NV","Public","1112",251696805,118310383.77,370007188.77
"612","NV","Public","1213",248781798,115986253.78,364768051.78
"613","NY","Private","1011",4486332484,538467700.33,5024800184.33
"614","NY","Private","1112",4569981723,487234938.02,5057216661.02
"615","NY","Private","1213",4369501891,480817974.54,4850319865.54
"616","NY","Private","1314",4386064983,475657289.41,4861722272.41
"617","NY","Private","1415",4289673342,478728124.17,4768401466.17
"618","NY","Private","1516",3699406452,439817349.18,4139223801.18
"619","NY","Proprietary","1314",574409309,292251081.7,866660390.7
"620","NY","Proprietary","1415",534018267,274160840.77,808179107.77
"621","NY","Proprietary","1516",320138959,203379940.62,523518899.62
"622","NY","Proprietary","1011",667309975,359357334.93,1026667309.93
"623","NY","Proprietary","1112",635019959,315361737.49,950381696.49
"624","NY","Proprietary","1213",589476593,304623999.25,894100592.25
"625","NY","Public","1314",1855576301,1226639546.46,3082215847.46
"626","NY","Public","1415",1822054213,1256198849.67,3078253062.67
"627","NY","Public","1516",1646955531,1185290473.13,2832246004.13
"628","NY","Public","1011",1826826346,1243923740.13,3070750086.13
"629","NY","Public","1112",1861297611,1212379751.03,3073677362.03
"630","NY","Public","1213",1855994461,1208585601.14,3064580062.14
"631","OH","Private","1011",1244647603,211776630.87,1456424233.87
"632","OH","Private","1112",1255792516,170696861.34,1426489377.34
"633","OH","Private","1213",1169416405,170424632.52,1339841037.52
"634","OH","Private","1314",1096831594,160007267.35,1256838861.35
"635","OH","Private","1415",1082893261,150822858.45,1233716119.45
"636","OH","Private","1516",863561909,134412158.48,997974067.48
"637","OH","Proprietary","1314",194023197,88273456.85,282296653.85
"638","OH","Proprietary","1415",166864934,79296380.51,246161314.51
"639","OH","Proprietary","1516",96796075,58856896.92,155652971.92
"640","OH","Proprietary","1011",356246497,141509688.95,497756185.95
"641","OH","Proprietary","1112",255807023,104378783.64,360185806.64
"642","OH","Proprietary","1213",205089236,91700924.63,296790160.63
"643","OH","Public","1314",2498601986,721341461.54,3219943447.54
"644","OH","Public","1415",2283874460,658346645.88,2942221105.88
"645","OH","Public","1516",1842474264,570959767.02,2413434031.02
"646","OH","Public","1011",2767213267,939661541.25,3706874808.25
"647","OH","Public","1112",2565468898,847759348.84,3413228246.84
"648","OH","Public","1213",2606966903,776338442.09,3383305345.09
"649","OK","Private","1011",179343603,31201738.14,210545341.14
"650","OK","Private","1112",179317077,29799935.03,209117012.03
"651","OK","Private","1213",171394831,30599711.26,201994542.26
"652","OK","Private","1314",179636143,32602477.09,212238620.09
"653","OK","Private","1415",174597770,32199689.81,206797459.81
"654","OK","Private","1516",138639438,29146620.81,167786058.81
"655","OK","Proprietary","1314",72800745,35379026.28,108179771.28
"656","OK","Proprietary","1415",77942574,37647146.04,115589720.04
"657","OK","Proprietary","1516",52347881,31755321.85,84103202.85
"658","OK","Proprietary","1011",81608159,42955031.28,124563190.28
"659","OK","Proprietary","1112",72890748,35277487.67,108168235.67
"660","OK","Proprietary","1213",59893073,35503370.08,95396443.08
"661","OK","Public","1314",634219535,266805411.92,901024946.92
"662","OK","Public","1415",620705575,255394944.27,876100519.27
"663","OK","Public","1516",542377775,230682361.85,773060136.85
"664","OK","Public","1011",664900756,323342618.87,988243374.87
"665","OK","Public","1112",680886490,301863076.65,982749566.65
"666","OK","Public","1213",658780724,284650939.91,943431663.91
"667","OR","Private","1011",374793919,34567838.86,409361757.86
"668","OR","Private","1112",389872987,32361954.21,422234941.21
"669","OR","Private","1213",407403884,32843341.97,440247225.97
"670","OR","Private","1314",475218164,39731955.54,514950119.54
"671","OR","Private","1415",472783923,35938892.76,508722815.76
"672","OR","Private","1516",343701517,30227705.34,373929222.34
"673","OR","Proprietary","1314",82826570,32970174.16,115796744.16
"674","OR","Proprietary","1415",77253004,31741606.22,108994610.22
"675","OR","Proprietary","1516",41359093,23161264.23,64520357.23
"676","OR","Proprietary","1011",148684773,59879781.71,208564554.71
"677","OR","Proprietary","1112",117181389,46075075.59,163256464.59
"678","OR","Proprietary","1213",103766776,42871602.08,146638378.08
"679","OR","Public","1314",903315235,330308112.13,1233623347.13
"680","OR","Public","1415",835700784,301728858.78,1137429642.78
"681","OR","Public","1516",572132595,232466794.99,804599389.99
"682","OR","Public","1011",981610741,361591961.94,1343202702.94
"683","OR","Public","1112",1054335411,357718453.11,1412053864.11
"684","OR","Public","1213",965936386,353078269.06,1319014655.06
"685","PA","Private","1011",2889876982,299554865.47,3189431847.47
"686","PA","Private","1112",2993632731,273022559.99,3266655290.99
"687","PA","Private","1213",2851530986,275297048.01,3126828034.01
"688","PA","Private","1314",2960364163,282717606,3243081769
"689","PA","Private","1415",2950700866,285639908.82,3236340774.82
"690","PA","Private","1516",2409939421,265373231.48,2675312652.48
"691","PA","Proprietary","1314",465863239,194002642.7,659865881.7
"692","PA","Proprietary","1415",398979035,172450185.07,571429220.07
"693","PA","Proprietary","1516",212383218,121887124.43,334270342.43
"694","PA","Proprietary","1011",698435076,289449881.59,987884957.59
"695","PA","Proprietary","1112",610709721,228041565.47,838751286.47
"696","PA","Proprietary","1213",535848478,211568092.95,747416570.95
"697","PA","Public","1314",1936382197,495617376.64,2431999573.64
"698","PA","Public","1415",1916767673,495378058.89,2412145731.89
"699","PA","Public","1516",1769826606,445133640.11,2214960246.11
"700","PA","Public","1011",1956663561,544355559.68,2501019120.68
"701","PA","Public","1112",2004504786,507199524.23,2511704310.23
"702","PA","Public","1213",1936655839,497442443,2434098282
"703","RI","Private","1011",344390979,53027851.72,397418830.72
"704","RI","Private","1112",352658827,48180130.95,400838957.95
"705","RI","Private","1213",319845234,46310138.14,366155372.14
"706","RI","Private","1314",315123342,48069137.68,363192479.68
"707","RI","Private","1415",322612178,49598191.72,372210369.72
"708","RI","Private","1516",296748987,46985119.49,343734106.49
"709","RI","Proprietary","1314",7889479,3248807.41,11138286.41
"710","RI","Proprietary","1415",8258158,4027049.05,12285207.05
"711","RI","Proprietary","1516",5750459,3207656.76,8958115.76
"712","RI","Proprietary","1011",33276551,24675793.51,57952344.51
"713","RI","Proprietary","1112",28002130,5752789.62,33754919.62
"714","RI","Proprietary","1213",25858915,4111838.44,29970753.44
"715","RI","Public","1314",148859697,56996294,205855991
"716","RI","Public","1415",152534351,57202653.96,209737004.96
"717","RI","Public","1516",144536097,52719318.44,197255415.44
"718","RI","Public","1011",149891175,53083919.05,202975094.05
"719","RI","Public","1112",151389062,53800653.04,205189715.04
"720","RI","Public","1213",152531216,54579354.61,207110570.61
"721","SC","Private","1011",239512367,78142467.05,317654834.05
"722","SC","Private","1112",252385923,71952764.5,324338687.5
"723","SC","Private","1213",247838543,67766265.12,315604808.12
"724","SC","Private","1314",250538042,66018748.45,316556790.45
"725","SC","Private","1415",253685124,66991686.26,320676810.26
"726","SC","Private","1516",226810371,63337521.01,290147892.01
"727","SC","Proprietary","1314",42164601,13368471.92,55533072.92
"728","SC","Proprietary","1415",39270439,13161719.49,52432158.49
"729","SC","Proprietary","1516",27665844,10678949.97,38344793.97
"730","SC","Proprietary","1011",58946682,19073771.34,78020453.34
"731","SC","Proprietary","1112",56119077,15687887.09,71806964.09
"732","SC","Proprietary","1213",48754424,14445210.72,63199634.72
"733","SC","Public","1314",963562287,346261706.4,1309823993.4
"734","SC","Public","1415",931999328,329315192.64,1261314520.64
"735","SC","Public","1516",855553383,279629096.3,1135182479.3
"736","SC","Public","1011",897617201,384350490.22,1281967691.22
"737","SC","Public","1112",968124702,367925607.68,1336050309.68
"738","SC","Public","1213",954908814,356478553.3,1311387367.3
"739","SD","Private","1011",40987486,9968821.76,50956307.76
"740","SD","Private","1112",41267845,8717827.82,49985672.82
"741","SD","Private","1213",41188503,7946669.77,49135172.77
"742","SD","Private","1314",44428020,7567593.76,51995613.76
"743","SD","Private","1415",32821061,6849808.45,39670869.45
"744","SD","Private","1516",32132986,6188310.69,38321296.69
"745","SD","Proprietary","1314",102558008,37595835.58,140153843.58
"746","SD","Proprietary","1415",82818177,32798325.7,115616502.7
"747","SD","Proprietary","1516",32769408,22511563.66,55280971.66
"748","SD","Proprietary","1011",115666116,32645958.11,148312074.11
"749","SD","Proprietary","1112",99908976,34000525.73,133909501.73
"750","SD","Proprietary","1213",108612900,35533558.87,144146458.87
"751","SD","Public","1314",209959865,52128109.85,262087974.85
"752","SD","Public","1415",201234412,49584565.42,250818977.42
"753","SD","Public","1516",180269712,44445682.42,224715394.42
"754","SD","Public","1011",204782006,63014032.12,267796038.12
"755","SD","Public","1112",211836850,56892656.18,268729506.18
"756","SD","Public","1213",206173906,53240854.74,259414760.74
"757","TN","Private","1011",644254101,108988590.45,753242691.45
"758","TN","Private","1112",683318817,103795369.09,787114186.09
"759","TN","Private","1213",715802538,105535178.33,821337716.33
"760","TN","Private","1314",739279730,106012615.55,845292345.55
"761","TN","Private","1415",746175002,105349179.2,851524181.2
"762","TN","Private","1516",598981626,95663367.57,694644993.57
"763","TN","Proprietary","1314",182412258,79401689.7,261813947.7
"764","TN","Proprietary","1415",165883251,72084052.6,237967303.6
"765","TN","Proprietary","1516",86167378,52287139.98,138454517.98
"766","TN","Proprietary","1011",212205504,94246872.02,306452376.02
"767","TN","Proprietary","1112",174801089,80008104.43,254809193.43
"768","TN","Proprietary","1213",192474202,79066808.67,271541010.67
"769","TN","Public","1314",896867021,402108751.84,1298975772.84
"770","TN","Public","1415",858480041,389794459.96,1248274500.96
"771","TN","Public","1516",785883872,357071734.35,1142955606.35
"772","TN","Public","1011",881555698,472878685.46,1354434383.46
"773","TN","Public","1112",946836443,446983101.66,1393819544.66
"774","TN","Public","1213",916560624,419590735.17,1336151359.17
"775","TX","Private","1011",996630881,166131013.37,1162761894.37
"776","TX","Private","1112",1022513936,184813475.65,1207327411.65
"777","TX","Private","1213",1004913520,180916683.51,1185830203.51
"778","TX","Private","1314",1045029664,186035590.54,1231065254.54
"779","TX","Private","1415",1018673658,180107110.16,1198780768.16
"780","TX","Private","1516",831854817,161117003.05,992971820.05
"781","TX","Proprietary","1314",434690461,223874159.51,658564620.51
"782","TX","Proprietary","1415",418227036,222743629.67,640970665.67
"783","TX","Proprietary","1516",252137532,175727001.89,427864533.89
"784","TX","Proprietary","1011",667491341,369231972.14,1036723313.14
"785","TX","Proprietary","1112",545584790,276949829.49,822534619.49
"786","TX","Proprietary","1213",446646319,230419166.33,677065485.33
"787","TX","Public","1314",3797054059,1851437850.34,5648491909.34
"788","TX","Public","1415",3677028351,1853281041.98,5530309392.98
"789","TX","Public","1516",3269669573,1655693583.7,4925363156.7
"790","TX","Public","1011",3584691412,2064023446.95,5648714858.95
"791","TX","Public","1112",3848577680,1958620303.03,5807197983.03
"792","TX","Public","1213",3783797429,1872728591.66,5656526020.66
"793","UT","Private","1011",282450469,113776648.61,396227117.61
"794","UT","Private","1112",331253923,111436288.57,442690211.57
"795","UT","Private","1213",329084162,119885318.42,448969480.42
"796","UT","Private","1314",287466084,119790773.06,407256857.06
"797","UT","Private","1415",328865929,136737805,465603734
"798","UT","Private","1516",219212773,121309906.15,340522679.15
"799","UT","Proprietary","1314",169543820,65463495.53,235007315.53
"800","UT","Proprietary","1415",156757594,61262750.09,218020344.09
"801","UT","Proprietary","1516",85661095,48809106.12,134470201.12
"802","UT","Proprietary","1011",178750069,74880853.9,253630922.9
"803","UT","Proprietary","1112",168970837,64198131.4,233168968.4
"804","UT","Proprietary","1213",174190480,68196211.32,242386691.32
"805","UT","Public","1314",383493678,223989037.75,607482715.75
"806","UT","Public","1415",374992674,217828158.79,592820832.79
"807","UT","Public","1516",323875745,191494327.71,515370072.71
"808","UT","Public","1011",392678071,250759792.55,643437863.55
"809","UT","Public","1112",438088780,241028921.27,679117701.27
"810","UT","Public","1213",415024607,237224801.57,652249408.57
"811","VA","Private","1011",1009155979,147138648.57,1156294627.57
"812","VA","Private","1112",1172445647,159952922.61,1332398569.61
"813","VA","Private","1213",1210202849,163937486.03,1374140335.03
"814","VA","Private","1314",1266014074,172781615.67,1438795689.67
"815","VA","Private","1415",1251739375,175336640.99,1427076015.99
"816","VA","Private","1516",970599608,147866743.94,1118466351.94
"817","VA","Proprietary","1314",233935867,107999556.75,341935423.75
"818","VA","Proprietary","1415",229318894,108060795.67,337379689.67
"819","VA","Proprietary","1516",116031498,79163454.39,195194952.39
"820","VA","Proprietary","1011",301616180,177430205.59,479046385.59
"821","VA","Proprietary","1112",257500420,119017308.52,376517728.52
"822","VA","Proprietary","1213",240284170,112328184.88,352612354.88
"823","VA","Public","1314",1373460232,439938791.39,1813399023.39
"824","VA","Public","1415",1377522888,438546493.77,1816069381.77
"825","VA","Public","1516",1276554305,386469198.98,1663023503.98
"826","VA","Public","1011",1267291147,445434777.01,1712725924.01
"827","VA","Public","1112",1357434414,438879318.25,1796313732.25
"828","VA","Public","1213",1371506913,434623806.34,1806130719.34
"829","VT","Private","1011",174004995,14725241.74,188730236.74
"830","VT","Private","1112",174019809,13057370.16,187077179.16
"831","VT","Private","1213",166196557,13197804.64,179394361.64
"832","VT","Private","1314",162713566,13640069.05,176353635.05
"833","VT","Private","1415",162240011,14100584.12,176340595.12
"834","VT","Private","1516",134156219,14071815.67,148228034.67
"835","VT","Proprietary","1314",4495946,1104761.3,5600707.3
"836","VT","Proprietary","1415",3944400,1125599.86,5069999.86
"837","VT","Proprietary","1516",2024826,766568.43,2791394.43
"838","VT","Proprietary","1011",6596598,1477547.74,8074145.74
"839","VT","Proprietary","1112",5743752,1160485.24,6904237.24
"840","VT","Proprietary","1213",5197954,1304108.24,6502062.24
"841","VT","Public","1314",141547353,29000851.3,170548204.3
"842","VT","Public","1415",133879576,26786124.54,160665700.54
"843","VT","Public","1516",122916415,22416605.26,145333020.26
"844","VT","Public","1011",160921111,32528209.63,193449320.63
"845","VT","Public","1112",163741392,29384918.57,193126310.57
"846","VT","Public","1213",153368150,29452409.53,182820559.53
"847","WA","Private","1011",407959686,42413190.91,450372876.91
"848","WA","Private","1112",422260438,38275786.19,460536224.19
"849","WA","Private","1213",400179463,38464917.59,438644380.59
"850","WA","Private","1314",448750052,56763490.07,505513542.07
"851","WA","Private","1415",425933431,49359889.8,475293320.8
"852","WA","Private","1516",316988527,39819339.2,356807866.2
"853","WA","Proprietary","1314",90754936,35034104.82,125789040.82
"854","WA","Proprietary","1415",82317602,33206990.41,115524592.41
"855","WA","Proprietary","1516",49842283,23707055.57,73549338.57
"856","WA","Proprietary","1011",127858089,61664161.74,189522250.74
"857","WA","Proprietary","1112",107968651,47792743.39,155761394.39
"858","WA","Proprietary","1213",101189481,48114628.49,149304109.49
"859","WA","Public","1314",891432857,399872706.63,1291305563.63
"860","WA","Public","1415",868361277,390817418.18,1259178695.18
"861","WA","Public","1516",706788401,326771723.66,1033560124.66
"862","WA","Public","1011",858103591,426812060.44,1284915651.44
"863","WA","Public","1112",906727209,407176481.35,1313903690.35
"864","WA","Public","1213",897599601,405335926.32,1302935527.32
"865","WI","Private","1011",478410988,68793134.4,547204122.4
"866","WI","Private","1112",475413368,60442228.48,535855596.48
"867","WI","Private","1213",465281661,59400990.55,524682651.55
"868","WI","Private","1314",472860998,58067647.68,530928645.68
"869","WI","Private","1415",460241166,55584394.96,515825560.96
"870","WI","Private","1516",397237169,49439073.85,446676242.85
"871","WI","Proprietary","1314",99914161,35510308.57,135424469.57
"872","WI","Proprietary","1415",100890054,35269561.53,136159615.53
"873","WI","Proprietary","1516",53803193,27449450.66,81252643.66
"874","WI","Proprietary","1011",111617751,51829676.68,163447427.68
"875","WI","Proprietary","1112",106107989,37433555.37,143541544.37
"876","WI","Proprietary","1213",102314387,35510984.77,137825371.77
"877","WI","Public","1314",1004427405,333685398.6,1338112803.6
"878","WI","Public","1415",963998037,319969041.04,1283967078.04
"879","WI","Public","1516",847709624,281794799.1,1129504423.1
"880","WI","Public","1011",1071253687,361782442.58,1433036129.58
"881","WI","Public","1112",1080913035,339993463.03,1420906498.03
"882","WI","Public","1213",1040274907,342220721.82,1382495628.82
"883","WV","Private","1011",119096361,26609262.11,145705623.11
"884","WV","Private","1112",108375973,21228180.41,129604153.41
"885","WV","Private","1213",70692021,12676294.71,83368315.71
"886","WV","Private","1314",73398666,12510055.31,85908721.31
"887","WV","Private","1415",70975606,12827877.71,83803483.71
"888","WV","Private","1516",56882389,12181065.01,69063454.01
"889","WV","Proprietary","1314",248167685,87012218.26,335179903.26
"890","WV","Proprietary","1415",222983048,80028439.44,303011487.44
"891","WV","Proprietary","1516",138121932,61335911.41,199457843.41
"892","WV","Proprietary","1011",153745441,63715024.64,217460465.64
"893","WV","Proprietary","1112",203908789,77963163.64,281871952.64
"894","WV","Proprietary","1213",232597171,84846209.77,317443380.77
"895","WV","Public","1314",471692659,134432961.05,606125620.05
"896","WV","Public","1415",466714298,127328726.47,594043024.47
"897","WV","Public","1516",389691819,116910167.05,506601986.05
"898","WV","Public","1011",462985999,165790750.81,628776749.81
"899","WV","Public","1112",511717814,148885128.74,660602942.74
"900","WV","Public","1213",473696554,140482939.06,614179493.06
"901","WY","Private","1314",25871517,7637555,33509072
"902","WY","Private","1415",17267313,4448907,21716220
"903","WY","Private","1516",6593642,1963657,8557299
"904","WY","Proprietary","1314",603086,546653.97,1149739.97
"905","WY","Proprietary","1415",474827,476052,950879
"906","WY","Proprietary","1516",276401,311507,587908
"907","WY","Proprietary","1011",58005723,19817554.91,77823277.91
"908","WY","Proprietary","1112",57508069,15117854,72625923
"909","WY","Proprietary","1213",38119295,13597006,51716301
"910","WY","Public","1314",60826255,28574983.62,89401238.62
"911","WY","Public","1415",58763945,26462030.81,85225975.81
"912","WY","Public","1516",53085835,23914074.98,76999909.98
"913","WY","Public","1011",62363128,33973714.82,96336842.82
"914","WY","Public","1112",62693752,31535588.73,94229340.73
"915","WY","Public","1213",61619941,30450798.49,92070739.49
