State,School.Type,Year,Sum.Type.loan,Sum.Type.grant,Sum.Type.campus,Total.Disbursement
AK,Private,1011,5232550,877691.75,145451,6255692.75
AK,Proprietary,1011,33627627,15018191.59,333323,48979141.59
AK,Public,1011,76946704,25949939.4,1697664,104594307.4
AL,Private,1011,264647605,75580659.31,9429952,349658216.3
AL,Proprietary,1011,257351346,120770333.5,3419899,381541578.5
AL,Public,1011,1043301102,488949099.5,25491227,1557741429
AR,Private,1011,102162846,28328894.43,4375715,134867455.4
AR,Proprietary,1011,12466004,10474885.08,6300,22947189.08
AR,Public,1011,565132115,311242270,14182354,890556739
AZ,Private,1011,48127669,3656709.67,1117914,52902292.67
AZ,Proprietary,1011,4885580476,1727544967,23164649,6636290092
AZ,Public,1011,1043260795,501971639,22756249,1567988683
CA,Private,1011,3564936282,247773001.3,116426681,3929135964
CA,Proprietary,1011,3655708795,954641377.6,33943017,4644293190
CA,Public,1011,2918985000,2791128003,164996639,5875109642
CO,Private,1011,291750471,19820545.36,10081964,321652980.4
CO,Proprietary,1011,769477092,238107454.6,8472367,1016056914
CO,Public,1011,1074111264,332714956.5,22523766,1429349986
CT,Private,1011,455370654,50466123.24,25591295,531428072.2
CT,Proprietary,1011,201336620,86356948.64,2821663,290515231.6
CT,Public,1011,357145095,136895612.2,11954683,505995390.2
DC,Private,1011,914552220,40744565.4,28359837,983656622.4
DC,Proprietary,1011,684547866,116657807,4174897,805380570
DC,Public,1011,21962975,10127580,777544,32868099
DE,Private,1011,90141158,16985379.74,1501039,108627576.7
DE,Proprietary,1011,10382296,6871355.82,70765,17324416.82
DE,Public,1011,136429985,39508858.17,3839568,179778411.2
FL,Private,1011,1896961726,294329683.9,39664805,2230956215
FL,Proprietary,1011,1569245784,610922967,16841348,2197010099
FL,Public,1011,2053343904,1477141361,48231933,3578717198
GA,Private,1011,791427868,108016745.5,20555818,920000431.5
GA,Proprietary,1011,590041992,235027184.1,8687343,833756519.1
GA,Public,1011,1420052924,844443391.4,26765300,2291261615
HI,Private,1011,57572946,14688615.31,1596711,73858272.31
HI,Proprietary,1011,2931969,2361146.45,28628,5321743.45
HI,Public,1011,138012372,62637416.93,5953535,206603323.9
IA,Private,1011,526782158,78442078.26,24947346,630171582.3
IA,Proprietary,1011,810702264,572758670.6,9727981,1393188916
IA,Public,1011,737605208,237938229.6,17879211,993422648.6
ID,Private,1011,61911467,57671341.81,1150927,120733735.8
ID,Proprietary,1011,24865052,13874947.98,153617,38893616.98
ID,Public,1011,316633868,133886182.5,7650847,458170897.5
IL,Private,1011,2357355801,230856928,85822112,2674034841
IL,Proprietary,1011,2211524332,549072976.5,40107356,2800704664
IL,Public,1011,1378188639,729744610.8,43933655,2151866905
IN,Private,1011,605824695,108199190.8,32996728,747020613.8
IN,Proprietary,1011,883209940,492120969.9,10798658,1386129568
IN,Public,1011,1581027882,523908035.4,35930747,2140866664
KS,Private,1011,227188203,46893580.17,9365150,283446933.2
KS,Proprietary,1011,40789948,22422741.64,294772,63507461.64
KS,Public,1011,644203146,216029691.6,19125590,879358427.6
KY,Private,1011,242379382,62486545.7,23731205,328597132.7
KY,Proprietary,1011,186450185,78745553.37,1791214,266986952.4
KY,Public,1011,890493134,370714278.7,25569978,1286777391
LA,Private,1011,260494149,32755715.16,15407464,308657328.2
LA,Proprietary,1011,104949693,63518717.08,1845855,170314265.1
LA,Public,1011,700048869,369642095.2,19329711,1089020675
MA,Private,1011,2109502560,175706730.1,129844547,2415053837
MA,Proprietary,1011,114582978,44529978.32,1731831,160844787.3
MA,Public,1011,629384719,287152927.1,27225474,943763120.1
MD,Private,1011,341605109,36616268.55,14940137,393161514.6
MD,Proprietary,1011,120205159,66742907.8,2122141,189070207.8
MD,Public,1011,1057673428,335760778.9,27845396,1421279603
ME,Private,1011,153237429,18407422.63,10854801,182499652.6
ME,Proprietary,1011,19274837,8524216.21,320394,28119447.21
ME,Public,1011,198831089,82102892,17382326,298316307
MI,Private,1011,1019571116,224623143.1,29935763,1274130022
MI,Proprietary,1011,161359307,95706322.66,2663619,259729248.7
MI,Public,1011,2585058243,888056934.3,69881242,3542996419
MN,Private,1011,546193996,70029850.3,31010949,647234795.3
MN,Proprietary,1011,1760135859,193548514.4,6409910,1960094283
MN,Public,1011,1168697628,368348039.2,32197737,1569243404
MO,Private,1011,1208123921,156006729,41222303,1405352953
MO,Proprietary,1011,224719662,120355874.5,2776750,347852286.5
MO,Public,1011,908541981,395840993.9,21725739,1326108714
MS,Private,1011,141682604,30945012.47,3649785,176277401.5
MS,Proprietary,1011,4796063,8279145.38,41911,13117119.38
MS,Public,1011,595357324,423360814.2,22954534,1041672672
MT,Private,1011,22740440,7070741.75,1295174,31106355.75
MT,Proprietary,1011,2615798,1978432.7,0,4594230.7
MT,Public,1011,224581080,83225508.37,9275508,317082096.4
NC,Private,1011,711669976,128998085.4,34093919,874761980.4
NC,Proprietary,1011,116377695,21677422.05,1407649,139462766.1
NC,Public,1011,1198509378,862084342.9,36437384,2097031105
ND,Private,1011,30118339,10408490.22,1847776,42374605.22
ND,Proprietary,1011,3586698,1885728.43,,5472426.43
ND,Public,1011,185936461,48639837.14,9841002,244417300.1
NE,Private,1011,299183001,31813758.54,10076244,341073003.5
NE,Proprietary,1011,20082155,8749655.57,204104,29035914.57
NE,Public,1011,337500479,126993163.2,9163846,473657488.2
NH,Private,1011,214310236,19911788,13092388,247314412
NH,Proprietary,1011,33502971,15139450.21,1357014,49999435.21
NH,Public,1011,238405421,45693491.22,12358459,296457371.2
NJ,Private,1011,391476912,82599301.6,22535854,496612067.6
NJ,Proprietary,1011,238616393,121143004.5,3505546,363264943.5
NJ,Public,1011,1009160722,477582026.5,31209785,1517952533
NM,Private,1011,10546981,1773098.12,625580,12945659.12
NM,Proprietary,1011,19952885,7945676.83,620551,28519112.83
NM,Public,1011,336201945,233892908.9,14646105,584740958.9
NV,Private,1011,50434888,2342680.25,199661,52977229.25
NV,Proprietary,1011,59758697,20014145.04,438640,80211482.04
NV,Public,1011,244725964,117424316.6,4821572,366971852.6
NY,Private,1011,4486332484,538467700.3,197012048,5221812232
NY,Proprietary,1011,667309975,359357334.9,17359918,1044027228
NY,Public,1011,1826826346,1243923740,71437758,3142187844
OH,Private,1011,1244647603,211776630.9,53831219,1510255453
OH,Proprietary,1011,356246497,141509689,5262346,503018532
OH,Public,1011,2767213267,939661541.3,55385108,3762259916
OK,Private,1011,179343603,31201738.14,10456142,221001483.1
OK,Proprietary,1011,81608159,42955031.28,873492,125436682.3
OK,Public,1011,664900756,323342618.9,18250351,1006493726
OR,Private,1011,374793919,34567838.86,14123666,423485423.9
OR,Proprietary,1011,148684773,59879781.71,2009987,210574541.7
OR,Public,1011,981610741,361591961.9,28203789,1371406492
PA,Private,1011,2889876982,299554865.5,111592467,3301024314
PA,Proprietary,1011,698435076,289449881.6,13418587,1001303545
PA,Public,1011,1956663561,544355559.7,59921162,2560940283
RI,Private,1011,344390979,53027851.72,29594765,427013595.7
RI,Proprietary,1011,33276551,24675793.51,404611,58356955.51
RI,Public,1011,149891175,53083919.05,5929776,208904870.1
SC,Private,1011,239512367,78142467.05,11275870,328930704.1
SC,Proprietary,1011,58946682,19073771.34,551889,78572342.34
SC,Public,1011,897617201,384350490.2,20297610,1302265301
SD,Private,1011,40987486,9968821.76,3403899,54360206.76
SD,Proprietary,1011,115666116,32645958.11,755624,149067698.1
SD,Public,1011,204782006,63014032.12,9653613,277449651.1
TN,Private,1011,644254101,108988590.5,25008412,778251103.5
TN,Proprietary,1011,212205504,94246872.02,3030148,309482524
TN,Public,1011,881555698,472878685.5,23964607,1378398990
TX,Private,1011,996630881,166131013.4,33947826,1196709720
TX,Proprietary,1011,667491341,369231972.1,10318137,1047041450
TX,Public,1011,3584691412,2064023447,82230375,5730945234
UT,Private,1011,282450469,113776648.6,1284438,397511555.6
UT,Proprietary,1011,178750069,74880853.9,1987803,255618725.9
UT,Public,1011,392678071,250759792.6,17269097,660706960.6
VA,Private,1011,1009155979,147138648.6,22175217,1178469845
VA,Proprietary,1011,301616180,177430205.6,5776813,484823198.6
VA,Public,1011,1267291147,445434777,31081210,1743807134
VT,Private,1011,174004995,14725241.74,12722986,201453222.7
VT,Proprietary,1011,6596598,1477547.74,139260,8213405.74
VT,Public,1011,160921111,32528209.63,8575986,202025306.6
WA,Private,1011,407959686,42413190.91,21893413,472266289.9
WA,Proprietary,1011,127858089,61664161.74,1346554,190868804.7
WA,Public,1011,858103591,426812060.4,33297281,1318212932
WI,Private,1011,478410988,68793134.4,22984322,570188444.4
WI,Proprietary,1011,111617751,51829676.68,663949,164111376.7
WI,Public,1011,1071253687,361782442.6,51009707,1484045837
WV,Private,1011,119096361,26609262.11,4962167,150667790.1
WV,Proprietary,1011,153745441,63715024.64,1535488,218995953.6
WV,Public,1011,462985999,165790750.8,14948202,643724951.8
WY,Proprietary,1011,58005723,19817554.91,2576281,80399558.91
WY,Public,1011,62363128,33973714.82,2791194,99128036.82
AK,Private,1112,5050595,778783,122089,5951467
AK,Proprietary,1112,34420895,14542676.73,533928,49497499.73
AK,Public,1112,79737052,26274504.27,1430783,107442339.3
AL,Private,1112,277704898,52218309.27,9163840,339087047.3
AL,Proprietary,1112,267695804,112915650.7,3155040,383766494.7
AL,Public,1112,1078319038,432322241.6,27023796,1537665076
AR,Private,1112,108491039,26700573.49,4317352,139508964.5
AR,Proprietary,1112,14443477,9768181.06,8177,24219835.06
AR,Public,1112,597332624,294010189.9,14715283,906058096.9
AZ,Private,1112,46893403,2958727.02,1357815,51209945.02
AZ,Proprietary,1112,4348466855,1333301167,22611186,5704379208
AZ,Public,1112,1140260275,511726582.3,22476565,1674463422
CA,Private,1112,3701930442,244481190.1,118610779,4065022411
CA,Proprietary,1112,3229338867,1086484156,37230083,4353053106
CA,Public,1112,3164470279,2760967704,163740138,6089178121
CO,Private,1112,295600720,19553150.22,11618259,326772129.2
CO,Proprietary,1112,678273547,173914535.1,7891717,860079799.1
CO,Public,1112,1153659028,323706112.4,23616230,1500981370
CT,Private,1112,480693816,46897686.26,25402859,552994361.3
CT,Proprietary,1112,204339526,77679176.62,2559483,284578185.6
CT,Public,1112,370920681,137257936.7,11718668,519897285.7
DC,Private,1112,948530230,39281805.03,28747017,1016559052
DC,Proprietary,1112,475834482,92063733.98,4143422,572041638
DC,Public,1112,27698685,9202644,713010,37614339
DE,Private,1112,92240013,16765039.01,1126099,110131151
DE,Proprietary,1112,11125523,6466967.69,85207,17677697.69
DE,Public,1112,147411350,40274640.67,4153376,191839366.7
FL,Private,1112,1954044608,258033668.4,37334355,2249412631
FL,Proprietary,1112,1534533756,573976327.7,16383584,2124893668
FL,Public,1112,2271951117,1411577890,51386965,3734915972
GA,Private,1112,808400035,101094242.8,21772694,931266971.8
GA,Proprietary,1112,483397544,173400961.4,7163265,663961770.4
GA,Public,1112,1670062138,822436766.8,29390522,2521889427
HI,Private,1112,59339002,13910936.09,1313242,74563180.09
HI,Proprietary,1112,4721141,2640170.61,30189,7391500.61
HI,Public,1112,148921847,65664482.34,5518570,220104899.3
IA,Private,1112,504385016,66845544.39,25917898,597148458.4
IA,Proprietary,1112,609628302,178053826.7,13174322,800856450.7
IA,Public,1112,727739211,215079884,17357755,960176850
ID,Private,1112,67781786,51285539.11,1202479,120269804.1
ID,Proprietary,1112,19998130,8754544.9,116700,28869374.9
ID,Public,1112,333298993,131814011.9,7635774,472748778.9
IL,Private,1112,2372931381,207351729.3,81795508,2662078618
IL,Proprietary,1112,1957974929,411959092.6,37907679,2407841701
IL,Public,1112,1466196192,706815730.4,46142513,2219154435
IN,Private,1112,623065930,100401851.6,31079622,754547403.6
IN,Proprietary,1112,863685277,341985181.2,7686879,1213357337
IN,Public,1112,1510395251,492633867,35355075,2038384193
KS,Private,1112,235856168,47393449.58,9073257,292322874.6
KS,Proprietary,1112,38503086,17738386.71,298392,56539864.71
KS,Public,1112,664559414,214006611.3,19436031,898002056.3
KY,Private,1112,262639532,59274559.4,23842658,345756749.4
KY,Proprietary,1112,169436360,53848602.37,1959524,225244486.4
KY,Public,1112,946045456,350690638.4,25468734,1322204828
LA,Private,1112,266945910,30743712.64,13281757,310971379.6
LA,Proprietary,1112,105052344,55610225.8,1789687,162452256.8
LA,Public,1112,769193932,350317816.8,19030443,1138542192
MA,Private,1112,2129758637,157641176.9,127909174,2415308988
MA,Proprietary,1112,102503966,40503007.06,1713456,144720429.1
MA,Public,1112,667045628,291001567.7,30162586,988209781.7
MD,Private,1112,358941636,33963221.05,14827539,407732396.1
MD,Proprietary,1112,110270419,59586309.63,1837056,171693784.6
MD,Public,1112,1100873003,340353235.6,25693704,1466919943
ME,Private,1112,168732598,16689554.83,9730056,195152208.8
ME,Proprietary,1112,14995106,13990368.05,164752,29150226.05
ME,Public,1112,204417074,79091523,18090490,301599087
MI,Private,1112,978276319,199045064.2,30789638,1208111021
MI,Proprietary,1112,143471951,84804890.93,2321062,230597903.9
MI,Public,1112,2447379848,809752390.9,75343132,3332475371
MN,Private,1112,543238280,61212430.55,32113177,636563887.6
MN,Proprietary,1112,1643869165,161364471.3,6908868,1812142504
MN,Public,1112,1199219710,344159759.2,34104375,1577483844
MO,Private,1112,1205266705,154380909.4,38925516,1398573130
MO,Proprietary,1112,190427478,86702144.58,2577566,279707188.6
MO,Public,1112,961846101,384893915,24246029,1370986045
MS,Private,1112,142891500,28565136.87,3471336,174927972.9
MS,Proprietary,1112,5367250,6059596.88,35580,11462426.88
MS,Public,1112,622536923,381041704.2,24259028,1027837655
MT,Private,1112,24152177,6355336.16,1259897,31767410.16
MT,Proprietary,1112,2937547,1885114.92,0,4822661.92
MT,Public,1112,228617881,78691113.25,9519276,316828270.3
NC,Private,1112,746555463,121770231,32328272,900653966
NC,Proprietary,1112,126035706,17230669.65,1591519,144857894.7
NC,Public,1112,1383974958,807215277,40717169,2231907404
ND,Private,1112,29758066,8743909.74,1713937,40215912.74
ND,Proprietary,1112,3146879,1315157.24,0,4462036.24
ND,Public,1112,189190927,42723459.87,8462527,240376913.9
NE,Private,1112,311304042,29809151.08,10129007,351242200.1
NE,Proprietary,1112,19877445,7178050.58,226578,27282073.58
NE,Public,1112,345275590,119727808.5,9412773,474416171.5
NH,Private,1112,280662774,21756963.85,11611926,314031663.9
NH,Proprietary,1112,28783472,11580071.88,1315013,41678556.88
NH,Public,1112,253870770,43275408.53,12488355,309634533.5
NJ,Private,1112,410162107,74737692.01,22307163,507206962
NJ,Proprietary,1112,230264488,111213712.8,3402336,344880536.8
NJ,Public,1112,1116858570,482469337.2,32563739,1631891646
NM,Private,1112,12936823,1594600,644945,15176368
NM,Proprietary,1112,23541487,7986240.86,641360,32169087.86
NM,Public,1112,349855366,223991915.7,15372563,589219844.7
NV,Private,1112,52394347,2152990.88,346136,54893473.88
NV,Proprietary,1112,34181707,16116742.33,407602,50706051.33
NV,Public,1112,251696805,118310383.8,5966359,375973547.8
NY,Private,1112,4569981723,487234938,199148677,5256365338
NY,Proprietary,1112,635019959,315361737.5,15485292,965866988.5
NY,Public,1112,1861297611,1212379751,74708905,3148386267
OH,Private,1112,1255792516,170696861.3,51952346,1478441723
OH,Proprietary,1112,255807023,104378783.6,5039264,365225070.6
OH,Public,1112,2565468898,847759348.8,60094996,3473323243
OK,Private,1112,179317077,29799935.03,9387640,218504652
OK,Proprietary,1112,72890748,35277487.67,972280,109140515.7
OK,Public,1112,680886490,301863076.7,17557174,1000306741
OR,Private,1112,389872987,32361954.21,14976540,437211481.2
OR,Proprietary,1112,117181389,46075075.59,1675388,164931852.6
OR,Public,1112,1054335411,357718453.1,26274991,1438328855
PA,Private,1112,2993632731,273022560,110099771,3376755062
PA,Proprietary,1112,610709721,228041565.5,13164345,851915631.5
PA,Public,1112,2004504786,507199524.2,60811429,2572515739
RI,Private,1112,352658827,48180130.95,29613680,430452638
RI,Proprietary,1112,28002130,5752789.62,297093,34052012.62
RI,Public,1112,151389062,53800653.04,6211453,211401168
SC,Private,1112,252385923,71952764.5,11260139,335598826.5
SC,Proprietary,1112,56119077,15687887.09,542921,72349885.09
SC,Public,1112,968124702,367925607.7,20974581,1357024891
SD,Private,1112,41267845,8717827.82,2890155,52875827.82
SD,Proprietary,1112,99908976,34000525.73,874587,134784088.7
SD,Public,1112,211836850,56892656.18,9614645,278344151.2
TN,Private,1112,683318817,103795369.1,27670820,814785006.1
TN,Proprietary,1112,174801089,80008104.43,2992784,257801977.4
TN,Public,1112,946836443,446983101.7,23782883,1417602428
TX,Private,1112,1022513936,184813475.7,38274560,1245601972
TX,Proprietary,1112,545584790,276949829.5,8905538,831440157.5
TX,Public,1112,3848577680,1958620303,87651352,5894849335
UT,Private,1112,331253923,111436288.6,1119898,443810109.6
UT,Proprietary,1112,168970837,64198131.4,1939751,235108719.4
UT,Public,1112,438088780,241028921.3,16952881,696070582.3
VA,Private,1112,1172445647,159952922.6,22413971,1354812541
VA,Proprietary,1112,257500420,119017308.5,5932493,382450221.5
VA,Public,1112,1357434414,438879318.3,33140063,1829453795
VT,Private,1112,174019809,13057370.16,11573116,198650295.2
VT,Proprietary,1112,5743752,1160485.24,147272,7051509.24
VT,Public,1112,163741392,29384918.57,9069858,202196168.6
WA,Private,1112,422260438,38275786.19,21980443,482516667.2
WA,Proprietary,1112,107968651,47792743.39,1356602,157117996.4
WA,Public,1112,906727209,407176481.4,33386677,1347290367
WI,Private,1112,475413368,60442228.48,22051589,557907185.5
WI,Proprietary,1112,106107989,37433555.37,1820901,145362445.4
WI,Public,1112,1080913035,339993463,52029465,1472935963
WV,Private,1112,108375973,21228180.41,4313319,133917472.4
WV,Proprietary,1112,203908789,77963163.64,1625375,283497327.6
WV,Public,1112,511717814,148885128.7,11525001,672127943.7
WY,Proprietary,1112,57508069,15117854,2290814,74916737
WY,Public,1112,62693752,31535588.73,3056342,97285682.73
AK,Private,1213,4497423,696253.39,118814,5312490.39
AK,Proprietary,1213,27952228,13692383.45,676206,42320817.45
AK,Public,1213,75633641,25915927.18,1652871,103202439.2
AL,Private,1213,260463987,50398665.77,8949441,319812093.8
AL,Proprietary,1213,277648482,118500750.6,3209599,399358831.6
AL,Public,1213,1054799161,393272945.5,26999859,1475071965
AR,Private,1213,106604790,26012104.55,4341576,136958470.6
AR,Proprietary,1213,13802678,9477751.79,8024,23288453.79
AR,Public,1213,568986240,279555442.8,15074477,863616159.8
AZ,Private,1213,44138880,3013059.4,1426026,48577965.4
AZ,Proprietary,1213,3852199462,1198392748,24359172,5074951382
AZ,Public,1213,1078891066,474884456.4,24883632,1578659154
CA,Private,1213,3665149120,251994389.7,117653583,4034797093
CA,Proprietary,1213,2795901605,949727328,40795707,3786424640
CA,Public,1213,2976996591,2751822547,170032279,5898851417
CO,Private,1213,287982320,20504132.02,9058697,317545149
CO,Proprietary,1213,602159975,155011503.4,9483304,766654782.4
CO,Public,1213,1120449650,316387568,25283385,1462120603
CT,Private,1213,478755895,47275668.85,25952764,551984327.9
CT,Proprietary,1213,204209409,78558034.45,2909633,285677076.5
CT,Public,1213,361139116,140602674,11422323,513164113
DC,Private,1213,915202179,38812195.84,27985428,981999802.8
DC,Proprietary,1213,593568681,94682102.59,2673621,690924404.6
DC,Public,1213,29587690,9790191,856492,40234373
DE,Private,1213,96321067,16891634.37,1317595,114530296.4
DE,Proprietary,1213,8880708,5348947.19,73150,14302805.19
DE,Public,1213,143177443,39741444.95,4275059,187193947
FL,Private,1213,1897072141,251919172.8,38739539,2187730853
FL,Proprietary,1213,1376452469,559330868.9,17806759,1953590097
FL,Public,1213,2295965841,1348921332,54002524,3698889697
GA,Private,1213,786256995,96299745.41,23841205,906397945.4
GA,Proprietary,1213,444960658,141046629.7,10136483,596143770.7
GA,Public,1213,1678278048,761317952.9,29395213,2468991214
HI,Private,1213,52992412,13253950.89,1381606,67627968.89
HI,Proprietary,1213,4580286,2672408.91,30349,7283043.91
HI,Public,1213,151576672,67912583.98,5684614,225173870
IA,Private,1213,520015477,66238571.42,28814697,615068745.4
IA,Proprietary,1213,669638834,163741112.5,7318756,840698702.5
IA,Public,1213,672134116,199367966.7,17846921,889349003.7
ID,Private,1213,64824809,56036175.77,1191702,122052686.8
ID,Proprietary,1213,22039135,10275781.28,85493,32400409.28
ID,Public,1213,315448094,128001863.8,7761386,451211343.8
IL,Private,1213,2262729678,201086388.1,86024828,2549840894
IL,Proprietary,1213,1529299277,351825409.5,37122039,1918246726
IL,Public,1213,1426046214,673057135.3,45347506,2144450855
IN,Private,1213,610537413,97092340.99,32225946,739855700
IN,Proprietary,1213,741230019,313481793.2,11490703,1066202515
IN,Public,1213,1386675644,457827924.2,38004916,1882508484
KS,Private,1213,220808502,46442916.28,9662612,276914030.3
KS,Proprietary,1213,76337472,32661635.94,264063,109263170.9
KS,Public,1213,623518112,209703718.3,19832199,853054029.3
KY,Private,1213,258126999,58591685.82,24162747,340881431.8
KY,Proprietary,1213,156604029,47967759.66,1703583,206275371.7
KY,Public,1213,931577382,336564073.7,26636782,1294778238
LA,Private,1213,266028101,28987519.24,13999975,309015595.2
LA,Proprietary,1213,100062309,52313505.64,1365799,153741613.6
LA,Public,1213,768087824,331268671.8,19529669,1118886165
MA,Private,1213,2024473770,160451089.9,128331897,2313256757
MA,Proprietary,1213,81346146,34152194.26,1312766,116811106.3
MA,Public,1213,675665916,299734576.1,29844135,1005244627
MD,Private,1213,343178509,31644062.01,15417921,390240492
MD,Proprietary,1213,86737730,48332737.1,1524094,136594561.1
MD,Public,1213,1043124709,333823296.1,25968200,1402916205
ME,Private,1213,170961808,16424967.86,10724839,198111614.9
ME,Proprietary,1213,14228016,13545253.78,169811,27943080.78
ME,Public,1213,203575886,80030660,17957992,301564538
MI,Private,1213,910118097,182569402.8,29190788,1121878288
MI,Proprietary,1213,137651835,81508225.76,1568374,220728434.8
MI,Public,1213,2237244704,755999670.7,77109400,3070353775
MN,Private,1213,530318313,61765788.28,33682134,625766235.3
MN,Proprietary,1213,1609839129,149150666.7,7407926,1766397722
MN,Public,1213,1154624805,344278704.3,33236215,1532139724
MO,Private,1213,1166889529,153774428.3,39397205,1360061162
MO,Proprietary,1213,166570072,78092188.74,2527522,247189782.7
MO,Public,1213,918588301,366218683.2,24389561,1309196545
MS,Private,1213,155764620,26829980.71,3903086,186497686.7
MS,Proprietary,1213,5602015,5921865.89,42562,11566442.89
MS,Public,1213,585537499,339194810.9,23481569,948213878.9
MT,Private,1213,24605854,6093024.24,1317676,32016554.24
MT,Proprietary,1213,2839188,2001645,0,4840833
MT,Public,1213,220402197,73444166.26,8818606,302664969.3
NC,Private,1213,693387745,116477343.1,32341041,842206129.1
NC,Proprietary,1213,116386603,18243278.84,1230127,135860008.8
NC,Public,1213,1463246769,791707478.5,35395004,2290349252
ND,Private,1213,27699194,7334638.5,1748688,36782520.5
ND,Proprietary,1213,2880106,1188482.84,0,4068588.84
ND,Public,1213,178533941,39672956.59,8949466,227156363.6
NE,Private,1213,307023716,29331725.59,9546037,345901478.6
NE,Proprietary,1213,21159650,8106863.61,181149,29447662.61
NE,Public,1213,334786917,112297023.5,10387288,457471228.5
NH,Private,1213,343624192,30498472.19,12542768,386665432.2
NH,Proprietary,1213,26890469,10398891.69,1114621,38403981.69
NH,Public,1213,248187090,44901579.05,12297308,305385977.1
NJ,Private,1213,394773639,75765073.63,21308855,491847567.6
NJ,Proprietary,1213,208188730,99022198.06,3533010,310743938.1
NJ,Public,1213,1081791556,475748665.5,31438893,1588979115
NM,Private,1213,14496880,1545913,538813,16581606
NM,Proprietary,1213,23155590,7820197.17,625466,31601253.17
NM,Public,1213,330346168,213776192.9,15622746,559745106.9
NV,Private,1213,67186746,2182351.3,419429,69788526.3
NV,Proprietary,1213,33793239,15929618.95,388108,50110965.95
NV,Public,1213,248781798,115986253.8,5871160,370639211.8
NY,Private,1213,4369501891,480817974.5,200743000,5051062866
NY,Proprietary,1213,589476593,304623999.3,14376793,908477385.3
NY,Public,1213,1855994461,1208585601,74041552,3138621614
OH,Private,1213,1169416405,170424632.5,51892326,1391733364
OH,Proprietary,1213,205089236,91700924.63,4141534,300931694.6
OH,Public,1213,2606966903,776338442.1,59380427,3442685772
OK,Private,1213,171394831,30599711.26,10921916,212916458.3
OK,Proprietary,1213,59893073,35503370.08,1143612,96540055.08
OK,Public,1213,658780724,284650939.9,17866438,961298101.9
OR,Private,1213,407403884,32843341.97,15705954,455953180
OR,Proprietary,1213,103766776,42871602.08,1531763,148170141.1
OR,Public,1213,965936386,353078269.1,28934810,1347949465
PA,Private,1213,2851530986,275297048,114077214,3240905248
PA,Proprietary,1213,535848478,211568093,12069751,759486322
PA,Public,1213,1936655839,497442443,62999283,2497097565
RI,Private,1213,319845234,46310138.14,29493449,395648821.1
RI,Proprietary,1213,25858915,4111838.44,415283,30386036.44
RI,Public,1213,152531216,54579354.61,6083253,213193823.6
SC,Private,1213,247838543,67766265.12,11324456,326929264.1
SC,Proprietary,1213,48754424,14445210.72,508437,63708071.72
SC,Public,1213,954908814,356478553.3,21660073,1333047440
SD,Private,1213,41188503,7946669.77,3055083,52190255.77
SD,Proprietary,1213,108612900,35533558.87,1210330,145356788.9
SD,Public,1213,206173906,53240854.74,9611948,269026708.7
TN,Private,1213,715802538,105535178.3,28568316,849906032.3
TN,Proprietary,1213,192474202,79066808.67,2142085,273683095.7
TN,Public,1213,916560624,419590735.2,24967050,1361118409
TX,Private,1213,1004913520,180916683.5,39570663,1225400867
TX,Proprietary,1213,446646319,230419166.3,8342398,685407883.3
TX,Public,1213,3783797429,1872728592,87898695,5744424716
UT,Private,1213,329084162,119885318.4,1300182,450269662.4
UT,Proprietary,1213,174190480,68196211.32,2020442,244407133.3
UT,Public,1213,415024607,237224801.6,18896345,671145753.6
VA,Private,1213,1210202849,163937486,24403068,1398543403
VA,Proprietary,1213,240284170,112328184.9,4964790,357577144.9
VA,Public,1213,1371506913,434623806.3,32512757,1838643476
VT,Private,1213,166196557,13197804.64,11550188,190944549.6
VT,Proprietary,1213,5197954,1304108.24,116234,6618296.24
VT,Public,1213,153368150,29452409.53,9222783,192043342.5
WA,Private,1213,400179463,38464917.59,22976946,461621326.6
WA,Proprietary,1213,101189481,48114628.49,1748653,151052762.5
WA,Public,1213,897599601,405335926.3,35340933,1338276460
WI,Private,1213,465281661,59400990.55,22598987,547281638.6
WI,Proprietary,1213,102314387,35510984.77,2092865,139918236.8
WI,Public,1213,1040274907,342220721.8,59902919,1442398548
WV,Private,1213,70692021,12676294.71,4390821,87759136.71
WV,Proprietary,1213,232597171,84846209.77,1643378,319086758.8
WV,Public,1213,473696554,140482939.1,12307849,626487342.1
WY,Proprietary,1213,38119295,13597006,3454563,55170864
WY,Public,1213,61619941,30450798.49,2913528,94984267.49
AK,Private,1314,4172564,759311.5,115415,5047290.5
AK,Proprietary,1314,2956193,1632453.97,510094,5098740.97
AK,Public,1314,69819900,25118442.02,1640611,96578953.02
AL,Private,1314,239440189,49611746.81,9597329,298649264.8
AL,Proprietary,1314,278947850,119474371.5,2743082,401165303.5
AL,Public,1314,1067976681,382524082.5,25687131,1476187895
AR,Private,1314,111361813,27193250.77,4694641,143249704.8
AR,Proprietary,1314,14728326,10264500.23,7722,25000548.23
AR,Public,1314,554457529,267508775.5,16755088,838721392.5
AZ,Private,1314,40337240,2641550.13,1353576,44332366.13
AZ,Proprietary,1314,3425850594,1070139996,20249572,4516240162
AZ,Public,1314,1055652382,457938613.7,26249784,1539840780
CA,Private,1314,3705638312,261073214.4,115638567,4082350093
CA,Proprietary,1314,2562643784,871342056.7,36366580,3470352421
CA,Public,1314,2943190930,2902660253,180950829,6026802012
CO,Private,1314,296368202,28990432.32,8553543,333912177.3
CO,Proprietary,1314,546501280,140289467.6,8055989,694846736.6
CO,Public,1314,1074520202,304324288.5,29254325,1408098816
CT,Private,1314,499707529,49174760.65,25180307,574062596.7
CT,Proprietary,1314,205430852,81203623.63,2598406,289232881.6
CT,Public,1314,359248868,145912294.8,12136177,517297339.8
DC,Private,1314,921132999,41375696.11,30368750,992877445.1
DC,Proprietary,1314,520813187,81325936.1,2540410,604679533.1
DC,Public,1314,29999238,9968667.09,846056,40813961.09
DE,Private,1314,99271127,17814522,1165183,118250832
DE,Proprietary,1314,8564963,5126744.68,49397,13741104.68
DE,Public,1314,146619366,40902115.05,4939570,192461051.1
FL,Private,1314,2338249113,490486487,38251260,2866986860
FL,Proprietary,1314,800774526,283983343.3,15304919,1100062788
FL,Public,1314,2243612619,1355667529,54750777,3654030925
GA,Private,1314,797214238,94458822.52,23008728,914681788.5
GA,Proprietary,1314,448197834,138290174.7,8963511,595451519.7
GA,Public,1314,1679579591,749001999.7,30229572,2458811163
HI,Private,1314,49504465,12331592.84,1400341,63236398.84
HI,Proprietary,1314,4813222,3073595.28,39207,7926024.28
HI,Public,1314,151612212,67280082.96,6024046,224916341
IA,Private,1314,485831534,65434728.41,29515837,580782099.4
IA,Proprietary,1314,704774154,163435216.3,6968090,875177460.3
IA,Public,1314,639228920,185738726.6,18481935,843449581.6
ID,Private,1314,67261663,57460154.14,1340968,126062785.1
ID,Proprietary,1314,20789962,10180305.3,71025,31041292.3
ID,Public,1314,277456051,115199692.8,8572008,401227751.8
IL,Private,1314,2266541448,210755259.6,86754380,2564051088
IL,Proprietary,1314,1358807941,318709583.5,33520780,1711038304
IL,Public,1314,1387255666,660201838.2,48039315,2095496819
IN,Private,1314,621928945,97223529.55,34041402,753193876.6
IN,Proprietary,1314,744425673,310073234.5,12020670,1066519578
IN,Public,1314,1204242181,430206234.9,38411353,1672859769
KS,Private,1314,210464868,45478064.4,10089172,266032104.4
KS,Proprietary,1314,111187070,44447282.38,264280,155898632.4
KS,Public,1314,631213043,202788965.3,20361117,854363125.3
KY,Private,1314,252336591,52684318.13,24492353,329513262.1
KY,Proprietary,1314,140467591,45655668.75,1521263,187644522.8
KY,Public,1314,902776904,326505850,26961603,1256244357
LA,Private,1314,265619894,27664660.08,14257725,307542279.1
LA,Proprietary,1314,93564925,53444622.38,902566,147912113.4
LA,Public,1314,773214414,329841569.3,22071091,1125127074
MA,Private,1314,2027012837,163524693,130475862,2321013392
MA,Proprietary,1314,76236159,32677218.26,1101448,110014825.3
MA,Public,1314,683282090,309211832.2,31032332,1023526254
MD,Private,1314,346388456,31483032.29,18343788,396215276.3
MD,Proprietary,1314,80276894,43434017.95,1334526,125045438
MD,Public,1314,1031063179,331101526.6,28042415,1390207121
ME,Private,1314,197353539,17131244.6,10871948,225356731.6
ME,Proprietary,1314,23463005,13096837.42,125303,36685145.42
ME,Public,1314,204143288,79106989.35,17927635,301177912.4
MI,Private,1314,885823413,181333909.5,29219813,1096377135
MI,Proprietary,1314,120625899,65199249.37,1460624,187285772.4
MI,Public,1314,2289968326,715821808.2,77455042,3083245176
MN,Private,1314,518942086,61098445.77,33756378,613796909.8
MN,Proprietary,1314,1593225065,140837824.7,6646885,1740709775
MN,Public,1314,1104306991,328374742.2,33409384,1466091117
MO,Private,1314,1128351018,154109662,40189249,1322649929
MO,Proprietary,1314,146223422,67354265.5,1922505,215500192.5
MO,Public,1314,891003637,353282538,25136414,1269422589
MS,Private,1314,166751084,26358622.89,4107480,197217186.9
MS,Proprietary,1314,3803575,5677795.16,46040,9527410.16
MS,Public,1314,577339410,327904533.4,25624292,930868235.4
MT,Private,1314,24078398,6035833.58,1618720,31732951.58
MT,Proprietary,1314,2905018,2055233,0,4960251
MT,Public,1314,209806950,69153009.6,9172860,288132819.6
NC,Private,1314,746414672,117017835.8,34147164,897579671.8
NC,Proprietary,1314,116789473,20131062.2,1026684,137947219.2
NC,Public,1314,1450135075,778531327.9,44202284,2272868687
ND,Private,1314,26921010,7180320.16,1945045,36046375.16
ND,Proprietary,1314,2868622,1280411.78,0,4149033.78
ND,Public,1314,174380119,37450978.7,10053115,221884212.7
NE,Private,1314,306519355,29136036.64,9494505,345149896.6
NE,Proprietary,1314,12022683,6957059.08,209542,19189284.08
NE,Public,1314,326288087,107735871,12185581,446209539
NH,Private,1314,475001718,45624814.3,13205918,533832450.3
NH,Proprietary,1314,22116097,8599179.69,871810,31587086.69
NH,Public,1314,250866517,46113736.65,12274246,309254499.7
NJ,Private,1314,392396091,77383032.6,20379092,490158215.6
NJ,Proprietary,1314,193531353,96465229.19,2763499,292760081.2
NJ,Public,1314,1117725136,486595912.9,31421441,1635742490
NM,Private,1314,17108640,1477446.87,427024,19013110.87
NM,Proprietary,1314,22199362,7796351.74,803892,30799605.74
NM,Public,1314,285183921,203709794,18362249,507255964
NV,Private,1314,91297089,5130549.64,534982,96962620.64
NV,Proprietary,1314,27667691,14360973.1,373836,42402500.1
NV,Public,1314,276198989,121083985.5,6285304,403568278.5
NY,Private,1314,4386064983,475657289.4,207232609,5068954881
NY,Proprietary,1314,574409309,292251081.7,14476481,881136871.7
NY,Public,1314,1855576301,1226639546,76105311,3158321158
OH,Private,1314,1096831594,160007267.4,53730986,1310569847
OH,Proprietary,1314,194023197,88273456.85,3080854,285377507.9
OH,Public,1314,2498601986,721341461.5,64558760,3284502208
OK,Private,1314,179636143,32602477.09,13010542,225249162.1
OK,Proprietary,1314,72800745,35379026.28,948783,109128554.3
OK,Public,1314,634219535,266805411.9,18555951,919580897.9
OR,Private,1314,475218164,39731955.54,17437288,532387407.5
OR,Proprietary,1314,82826570,32970174.16,1342733,117139477.2
OR,Public,1314,903315235,330308112.1,31092264,1264715611
PA,Private,1314,2960364163,282717606,108629333,3351711102
PA,Proprietary,1314,465863239,194002642.7,9866054,669731935.7
PA,Public,1314,1936382197,495617376.6,68893357,2500892931
RI,Private,1314,315123342,48069137.68,30265642,393458121.7
RI,Proprietary,1314,7889479,3248807.41,205759,11344045.41
RI,Public,1314,148859697,56996294,6419696,212275687
SC,Private,1314,250538042,66018748.45,11444350,328001140.5
SC,Proprietary,1314,42164601,13368471.92,477923,56010995.92
SC,Public,1314,963562287,346261706.4,21868458,1331692451
SD,Private,1314,44428020,7567593.76,3246015,55241628.76
SD,Proprietary,1314,102558008,37595835.58,1430884,141584727.6
SD,Public,1314,209959865,52128109.85,10764404,272852378.9
TN,Private,1314,739279730,106012615.6,28000300,873292645.6
TN,Proprietary,1314,182412258,79401689.7,1608890,263422837.7
TN,Public,1314,896867021,402108751.8,24480859,1323456632
TX,Private,1314,1045029664,186035590.5,40520173,1271585428
TX,Proprietary,1314,434690461,223874159.5,7007640,665572260.5
TX,Public,1314,3797054059,1851437850,87580624,5736072533
UT,Private,1314,287466084,119790773.1,1218420,408475277.1
UT,Proprietary,1314,169543820,65463495.53,1284807,236292122.5
UT,Public,1314,383493678,223989037.8,19905228,627387943.8
VA,Private,1314,1266014074,172781615.7,24951050,1463746740
VA,Proprietary,1314,233935867,107999556.8,3568715,345504138.8
VA,Public,1314,1373460232,439938791.4,33374515,1846773538
VT,Private,1314,162713566,13640069.05,11963952,188317587.1
VT,Proprietary,1314,4495946,1104761.3,75210,5675917.3
VT,Public,1314,141547353,29000851.3,9463310,180011514.3
WA,Private,1314,448750052,56763490.07,24378877,529892419.1
WA,Proprietary,1314,90754936,35034104.82,1292954,127081994.8
WA,Public,1314,891432857,399872706.6,38866125,1330171689
WI,Private,1314,472860998,58067647.68,23944413,554873058.7
WI,Proprietary,1314,99914161,35510308.57,2092953,137517422.6
WI,Public,1314,1004427405,333685398.6,60381286,1398494090
WV,Private,1314,73398666,12510055.31,4486580,90395301.31
WV,Proprietary,1314,248167685,87012218.26,1552736,336732639.3
WV,Public,1314,471692659,134432961.1,15027396,621153016.1
WY,Private,1314,25871517,7637555,0,33509072
WY,Proprietary,1314,603086,546653.97,1975392,3125131.97
WY,Public,1314,60826255,28574983.62,3621758,93022996.62
AK,Private,1415,3395531,747889.32,112334,4255754.32
AK,Proprietary,1415,2665432,1615459,0,4280891
AK,Public,1415,61967120,24371923.7,1551858,87890901.7
AL,Private,1415,250786808,50704219.22,10256043,311747070.2
AL,Proprietary,1415,272066784,116544214.5,3039909,391650907.5
AL,Public,1415,1077112798,373703544,26734581,1477550923
AR,Private,1415,111081190,27194920.29,5055833,143331943.3
AR,Proprietary,1415,14347330,10035693.14,8060,24391083.14
AR,Public,1415,539713611,255997182.6,15919552,811630345.6
AZ,Private,1415,32906614,2730721.99,909822,36547157.99
AZ,Proprietary,1415,2935723120,928403829.5,23514863,3887641812
AZ,Public,1415,1079356297,453687595.4,26634235,1559678127
CA,Private,1415,3598980148,261097766.9,118448049,3978525964
CA,Proprietary,1415,2166521884,779438795.4,33671557,2979632236
CA,Public,1415,2837870830,3004900798,189170858,6031942486
CO,Private,1415,286896637,26442418.81,11001873,324340928.8
CO,Proprietary,1415,498474250,137668623.2,5933603,642076476.2
CO,Public,1415,1057549404,290473612.8,29395781,1377418798
CT,Private,1415,517523986,51375209.2,27062817,595962012.2
CT,Proprietary,1415,190311056,78404059.65,2918827,271633942.7
CT,Public,1415,370729667,148927692.9,10916744,530574103.9
DC,Private,1415,921489937,41915922.9,31346624,994752483.9
DC,Proprietary,1415,510644725,84563025.43,2515939,597723689.4
DC,Public,1415,27174257,9448189.76,717350,37339796.76
DE,Private,1415,100512590,17987943.4,1636001,120136534.4
DE,Proprietary,1415,7508213,4753133.9,61092,12322438.9
DE,Public,1415,150067459,41872427.03,4748390,196688276
FL,Private,1415,2151872594,434123208.6,43253376,2629249179
FL,Proprietary,1415,718855709,265647115.6,10648697,995151521.6
FL,Public,1415,2149211155,1329538902,62509008,3541259065
GA,Private,1415,810410891,91226188.41,23443563,925080642.4
GA,Proprietary,1415,431407459,121147783.6,7904931,560460173.6
GA,Public,1415,1677572106,731028734.4,30304234,2438905074
HI,Private,1415,45105456,11834165.56,1328584,58268205.56
HI,Proprietary,1415,5094805,2742725.94,59272,7896802.94
HI,Public,1415,157463740,66223573.02,6152044,229839357
IA,Private,1415,500655197,63831947.29,30731138,595218282.3
IA,Proprietary,1415,643422866,156082050.7,6932142,806437058.7
IA,Public,1415,610750679,179394938,18802677,808948294
ID,Private,1415,71643264,63676047.45,1345328,136664639.5
ID,Proprietary,1415,19908465,9718495.86,166727,29793687.86
ID,Public,1415,257096961,104720133.3,9183447,371000541.3
IL,Private,1415,2235250328,206547503.8,86063993,2527861825
IL,Proprietary,1415,1199725263,293685932.8,32378659,1525789855
IL,Public,1415,1335631441,634490075.5,48950952,2019072469
IN,Private,1415,640260486,100963876.7,32741857,773966219.7
IN,Proprietary,1415,648621407,285692689.8,14178281,948492377.8
IN,Public,1415,1137098961,400260561.7,37744305,1575103828
KS,Private,1415,207147568,42353172.53,9790008,259290748.5
KS,Proprietary,1415,96692021,42802622.24,286771,139781414.2
KS,Public,1415,629729988,198097125.9,23273591,851100704.9
KY,Private,1415,257757602,53501069.34,16846835,328105506.3
KY,Proprietary,1415,125735859,40203495.19,1547651,167487005.2
KY,Public,1415,861509210,317327142.1,24844533,1203680885
LA,Private,1415,248954864,27004256.17,14531903,290491023.2
LA,Proprietary,1415,94380459,55473054.04,923082,150776595
LA,Public,1415,790859159,330375858.7,20884380,1142119398
MA,Private,1415,2035466992,163627950.2,130432554,2329527496
MA,Proprietary,1415,65345468,28037623.25,1188969,94572060.25
MA,Public,1415,679247587,309276036.2,28898952,1017422575
MD,Private,1415,350839470,28627354.46,16382117,395848941.5
MD,Proprietary,1415,74070210,38861290.11,1293129,114224629.1
MD,Public,1415,1033268850,335832085.4,30059755,1399160690
ME,Private,1415,204625559,16553267.6,10902635,232081461.6
ME,Proprietary,1415,19544971,11198337.31,107690,30850998.31
ME,Public,1415,186857737,76589486.62,17385369,280832592.6
MI,Private,1415,777378251,162787596.9,28303968,968469815.9
MI,Proprietary,1415,110655780,61914485.23,887677,173457942.2
MI,Public,1415,2180767736,672006748.6,84207295,2936981780
MN,Private,1415,508846169,58921313.83,33486990,601254472.8
MN,Proprietary,1415,1571359408,130179721.9,7475380,1709014510
MN,Public,1415,1015002897,310134593.8,33952443,1359089934
MO,Private,1415,1070551263,148612272.4,36900399,1256063934
MO,Proprietary,1415,119720615,59635217.14,1685489,181041321.1
MO,Public,1415,851099706,336907089.3,24204979,1212211774
MS,Private,1415,166231751,27097166.33,4020719,197349636.3
MS,Proprietary,1415,4018315,4985285.93,50526,9054126.93
MS,Public,1415,572130900,320471752.7,29046804,921649456.7
MT,Private,1415,23571713,5799086.54,1514700,30885499.54
MT,Proprietary,1415,3023836,1962113,0,4985949
MT,Public,1415,193959540,63741409.76,10736286,268437235.8
NC,Private,1415,777503173,117934435.7,31591288,927028896.7
NC,Proprietary,1415,111567933,20724670.83,847022,133139625.8
NC,Public,1415,1432289059,752448228.3,44835163,2229572450
ND,Private,1415,26006882,6607412.19,1907930,34522224.19
ND,Proprietary,1415,2720111,1223391.27,0,3943502.27
ND,Public,1415,167065453,35869270.63,10506640,213441363.6
NE,Private,1415,335256716,28825114.29,9285284,373367114.3
NE,Proprietary,1415,9469954,4065252.51,133274,13668480.51
NE,Public,1415,316675218,107326313.7,12600352,436601883.7
NH,Private,1415,318412385,70072421.09,12532289,401017095.1
NH,Proprietary,1415,18168943,6359004.54,569573,25097520.54
NH,Public,1415,240514620,45592192.99,12142511,298249324
NJ,Private,1415,393152545,79400421.87,20913428,493466394.9
NJ,Proprietary,1415,175513036,89373893.27,3042198,267929127.3
NJ,Public,1415,1121826285,491962230.1,34861040,1648649555
NM,Private,1415,16367097,1448751,455777,18271625
NM,Proprietary,1415,21506526,8313661.08,657655,30477842.08
NM,Public,1415,255592483,186937135.7,16554652,459084270.7
NV,Private,1415,96059929,4617687.08,476038,101153654.1
NV,Proprietary,1415,25807299,14625113,338956,40771368
NV,Public,1415,286576096,129007255.3,6418298,422001649.3
NY,Private,1415,4289673342,478728124.2,212095298,4980496764
NY,Proprietary,1415,534018267,274160840.8,13276459,821455566.8
NY,Public,1415,1822054213,1256198850,76149525,3154402588
OH,Private,1415,1082893261,150822858.5,54557727,1288273846
OH,Proprietary,1415,166864934,79296380.51,3145248,249306562.5
OH,Public,1415,2283874460,658346645.9,66258936,3008480042
OK,Private,1415,174597770,32199689.81,11256195,218053654.8
OK,Proprietary,1415,77942574,37647146.04,841038,116430758
OK,Public,1415,620705575,255394944.3,19232322,895332841.3
OR,Private,1415,472783923,35938892.76,16808853,525531668.8
OR,Proprietary,1415,77253004,31741606.22,860755,109855365.2
OR,Public,1415,835700784,301728858.8,31203069,1168632712
PA,Private,1415,2950700866,285639908.8,114022039,3350362814
PA,Proprietary,1415,398979035,172450185.1,8931024,580360244.1
PA,Public,1415,1916767673,495378058.9,67961269,2480107001
RI,Private,1415,322612178,49598191.72,29934430,402144799.7
RI,Proprietary,1415,8258158,4027049.05,0,12285207.05
RI,Public,1415,152534351,57202653.96,6238380,215975385
SC,Private,1415,253685124,66991686.26,11825304,332502114.3
SC,Proprietary,1415,39270439,13161719.49,486662,52918820.49
SC,Public,1415,931999328,329315192.6,22087135,1283401656
SD,Private,1415,32821061,6849808.45,3195362,42866231.45
SD,Proprietary,1415,82818177,32798325.7,1196171,116812673.7
SD,Public,1415,201234412,49584565.42,9875533,260694510.4
TN,Private,1415,746175002,105349179.2,28636048,880160229.2
TN,Proprietary,1415,165883251,72084052.6,1521705,239489008.6
TN,Public,1415,858480041,389794460,24456101,1272730602
TX,Private,1415,1018673658,180107110.2,40036887,1238817655
TX,Proprietary,1415,418227036,222743629.7,5802772,646773437.7
TX,Public,1415,3677028351,1853281042,91894571,5622203964
UT,Private,1415,328865929,136737805,3158439,468762173
UT,Proprietary,1415,156757594,61262750.09,1278655,219298999.1
UT,Public,1415,374992674,217828158.8,19201638,612022470.8
VA,Private,1415,1251739375,175336641,26130994,1453207010
VA,Proprietary,1415,229318894,108060795.7,3817418,341197107.7
VA,Public,1415,1377522888,438546493.8,34928563,1850997945
VT,Private,1415,162240011,14100584.12,12465081,188805676.1
VT,Proprietary,1415,3944400,1125599.86,69252,5139251.86
VT,Public,1415,133879576,26786124.54,9224508,169890208.5
WA,Private,1415,425933431,49359889.8,23423407,498716727.8
WA,Proprietary,1415,82317602,33206990.41,1753779,117278371.4
WA,Public,1415,868361277,390817418.2,36616837,1295795532
WI,Private,1415,460241166,55584394.96,24493446,540319007
WI,Proprietary,1415,100890054,35269561.53,249640,136409255.5
WI,Public,1415,963998037,319969041,56744738,1340711816
WV,Private,1415,70975606,12827877.71,4636197,88439680.71
WV,Proprietary,1415,222983048,80028439.44,1178683,304190170.4
WV,Public,1415,466714298,127328726.5,15194912,609237936.5
WY,Private,1415,17267313,4448907,1841260,23557480
WY,Proprietary,1415,474827,476052,0,950879
WY,Public,1415,58763945,26462030.81,2880922,88106897.81
AK,Private,1516,3004351,749581,0,3753932
AK,Proprietary,1516,1121656,1161619,0,2283275
AK,Public,1516,53959404,20942253.47,0,74901657.47
AL,Private,1516,247070868,46504180.66,0,293575048.7
AL,Proprietary,1516,139192950,85688760.12,0,224881710.1
AL,Public,1516,973987624,332289417.6,0,1306277042
AR,Private,1516,99649997,24981086.54,0,124631083.5
AR,Proprietary,1516,7868455,7316344.6,0,15184799.6
AR,Public,1516,484319714,229288761.7,0,713608475.7
AZ,Private,1516,22615793,2553410.75,0,25169203.75
AZ,Proprietary,1516,1288422583,566464302.4,0,1854886885
AZ,Public,1516,1069042329,417084581.7,0,1486126911
CA,Private,1516,2863396401,231488344.7,0,3094884746
CA,Proprietary,1516,1084282716,508267014.6,0,1592549731
CA,Public,1516,2596287905,2620015795,0,5216303700
CO,Private,1516,213347795,21161053.95,0,234508849
CO,Proprietary,1516,269135246,98581793.27,0,367717039.3
CO,Public,1516,939618197,253126876.9,0,1192745074
CT,Private,1516,464199543,48226792.96,0,512426336
CT,Proprietary,1516,93456277,54618020.2,0,148074297.2
CT,Public,1516,364611654,139595827,0,504207481
DC,Private,1516,846324655,38573074.28,0,884897729.3
DC,Proprietary,1516,273749651,66848701.1,0,340598352.1
DC,Public,1516,22486463,7543860,0,30030323
DE,Private,1516,77318552,16266700,0,93585252
DE,Proprietary,1516,3623605,2787252.34,0,6410857.34
DE,Public,1516,146831740,38841063.77,0,185672803.8
FL,Private,1516,1529096690,342384466.1,0,1871481156
FL,Proprietary,1516,389512902,195937298.7,0,585450200.7
FL,Public,1516,1768389042,1113341906,0,2881730948
GA,Private,1516,688871314,81590876.98,0,770462191
GA,Proprietary,1516,219882255,80656130.02,0,300538385
GA,Public,1516,1474786926,640146213.2,0,2114933139
HI,Private,1516,41206244,11270392.11,0,52476636.11
HI,Proprietary,1516,2647816,2258606.52,0,4906422.52
HI,Public,1516,149722100,60716498.54,0,210438598.5
IA,Private,1516,435956014,57153883.88,0,493109897.9
IA,Proprietary,1516,308332799,106286018.1,0,414618817.1
IA,Public,1516,544250858,156355924.4,0,700606782.4
ID,Private,1516,55217376,51573344.61,0,106790720.6
ID,Proprietary,1516,10123319,7254433.42,0,17377752.42
ID,Public,1516,224363757,90687224.38,0,315050981.4
IL,Private,1516,1693668233,190827270.5,0,1884495503
IL,Proprietary,1516,660695064,216053507,0,876748571
IL,Public,1516,1206328464,552983475.6,0,1759311940
IN,Private,1516,538875665,90470314.43,0,629345979.4
IN,Proprietary,1516,278897278,194127567.4,0,473024845.4
IN,Public,1516,999519216,340246788,0,1339766004
KS,Private,1516,154994130,37327617.9,0,192321747.9
KS,Proprietary,1516,46689107,31086047.74,0,77775154.74
KS,Public,1516,558918578,174371523.5,0,733290101.5
KY,Private,1516,209564781,49779303.45,0,259344084.5
KY,Proprietary,1516,56361900,26062949.89,0,82424849.89
KY,Public,1516,777457597,276756382.4,0,1054213979
LA,Private,1516,217321622,25639977.39,0,242961599.4
LA,Proprietary,1516,51482439,42289407.31,0,93771846.31
LA,Public,1516,708998381,304867009.3,0,1013865390
MA,Private,1516,1728161693,155119503.5,0,1883281197
MA,Proprietary,1516,33333512,18979375.03,0,52312887.03
MA,Public,1516,645072349,278921429.3,0,923993778.3
MD,Private,1516,302914237,25019740.94,0,327933977.9
MD,Proprietary,1516,37366033,26878361.63,0,64244394.63
MD,Public,1516,957833623,299614648.7,0,1257448272
ME,Private,1516,171419653,15547613.64,0,186967266.6
ME,Proprietary,1516,9337119,7129078.24,0,16466197.24
ME,Public,1516,162333598,70764263.39,0,233097861.4
MI,Private,1516,561344063,108703897.8,0,670047960.8
MI,Proprietary,1516,53413797,42777095.75,0,96190892.75
MI,Public,1516,1900964512,573676423.9,0,2474640936
MN,Private,1516,418870386,54356447.62,0,473226833.6
MN,Proprietary,1516,914688871,92376135.01,0,1007065006
MN,Public,1516,902772839,272719730,0,1175492569
MO,Private,1516,943772616,129949589.4,0,1073722205
MO,Proprietary,1516,66143297,44105516.88,0,110248813.9
MO,Public,1516,767146840,296138382,0,1063285222
MS,Private,1516,135365026,25081345.59,0,160446371.6
MS,Proprietary,1516,1871409,3172886.54,0,5044295.54
MS,Public,1516,512132982,292707244.9,0,804840226.9
MT,Private,1516,21104679,5242195.98,0,26346874.98
MT,Proprietary,1516,1642831,1317323,0,2960154
MT,Public,1516,176438976,56924142.81,0,233363118.8
NC,Private,1516,699463250,111417793.4,0,810881043.4
NC,Proprietary,1516,65758964,16112845.95,0,81871809.95
NC,Public,1516,1301822645,660340999.5,0,1962163644
ND,Private,1516,23862301,6023520.43,0,29885821.43
ND,Proprietary,1516,1470098,814562.97,0,2284660.97
ND,Public,1516,157048646,33155960.27,0,190204606.3
NE,Private,1516,215435682,26309247.16,0,241744929.2
NE,Proprietary,1516,5286495,2828298.76,0,8114793.76
NE,Public,1516,287753795,88941606.72,0,376695401.7
NH,Private,1516,481923844,62759237.26,0,544683081.3
NH,Proprietary,1516,7609841,3017333.57,0,10627174.57
NH,Public,1516,214771096,42751792.46,0,257522888.5
NJ,Private,1516,377594604,71815682.34,0,449410286.3
NJ,Proprietary,1516,97124333,61305288.63,0,158429621.6
NJ,Public,1516,1059367205,457946716.1,0,1517313921
NM,Private,1516,9957236,1391846,0,11349082
NM,Proprietary,1516,15338820,6662383.18,0,22001203.18
NM,Public,1516,221642298,161574861.6,0,383217159.6
NV,Private,1516,73344617,3064806.45,0,76409423.45
NV,Proprietary,1516,11327832,9403809.63,0,20731641.63
NV,Public,1516,244617251,118369968.8,0,362987219.8
NY,Private,1516,3699406452,439817349.2,0,4139223801
NY,Proprietary,1516,320138959,203379940.6,0,523518899.6
NY,Public,1516,1646955531,1185290473,0,2832246004
OH,Private,1516,863561909,134412158.5,0,997974067.5
OH,Proprietary,1516,96796075,58856896.92,0,155652971.9
OH,Public,1516,1842474264,570959767,0,2413434031
OK,Private,1516,138639438,29146620.81,0,167786058.8
OK,Proprietary,1516,52347881,31755321.85,0,84103202.85
OK,Public,1516,542377775,230682361.9,0,773060136.9
OR,Private,1516,343701517,30227705.34,0,373929222.3
OR,Proprietary,1516,41359093,23161264.23,0,64520357.23
OR,Public,1516,572132595,232466795,0,804599390
PA,Private,1516,2409939421,265373231.5,0,2675312652
PA,Proprietary,1516,212383218,121887124.4,0,334270342.4
PA,Public,1516,1769826606,445133640.1,0,2214960246
RI,Private,1516,296748987,46985119.49,0,343734106.5
RI,Proprietary,1516,5750459,3207656.76,0,8958115.76
RI,Public,1516,144536097,52719318.44,0,197255415.4
SC,Private,1516,226810371,63337521.01,0,290147892
SC,Proprietary,1516,27665844,10678949.97,0,38344793.97
SC,Public,1516,855553383,279629096.3,0,1135182479
SD,Private,1516,32132986,6188310.69,0,38321296.69
SD,Proprietary,1516,32769408,22511563.66,0,55280971.66
SD,Public,1516,180269712,44445682.42,0,224715394.4
TN,Private,1516,598981626,95663367.57,0,694644993.6
TN,Proprietary,1516,86167378,52287139.98,0,138454518
TN,Public,1516,785883872,357071734.4,0,1142955606
TX,Private,1516,831854817,161117003.1,0,992971820.1
TX,Proprietary,1516,252137532,175727001.9,0,427864533.9
TX,Public,1516,3269669573,1655693584,0,4925363157
UT,Private,1516,219212773,121309906.2,0,340522679.2
UT,Proprietary,1516,85661095,48809106.12,0,134470201.1
UT,Public,1516,323875745,191494327.7,0,515370072.7
VA,Private,1516,970599608,147866743.9,0,1118466352
VA,Proprietary,1516,116031498,79163454.39,0,195194952.4
VA,Public,1516,1276554305,386469199,0,1663023504
VT,Private,1516,134156219,14071815.67,0,148228034.7
VT,Proprietary,1516,2024826,766568.43,0,2791394.43
VT,Public,1516,122916415,22416605.26,0,145333020.3
WA,Private,1516,316988527,39819339.2,0,356807866.2
WA,Proprietary,1516,49842283,23707055.57,0,73549338.57
WA,Public,1516,706788401,326771723.7,0,1033560125
WI,Private,1516,397237169,49439073.85,0,446676242.9
WI,Proprietary,1516,53803193,27449450.66,0,81252643.66
WI,Public,1516,847709624,281794799.1,0,1129504423
WV,Private,1516,56882389,12181065.01,0,69063454.01
WV,Proprietary,1516,138121932,61335911.41,0,199457843.4
WV,Public,1516,389691819,116910167.1,0,506601986.1
WY,Private,1516,6593642,1963657,0,8557299
WY,Proprietary,1516,276401,311507,0,587908
WY,Public,1516,53085835,23914074.98,0,76999909.98